Year,Award,Winner,Name,Film,POC
1934,Actor,1,Clark Gable,It Happened One Night,0
1934,Actor,,Frank Morgan,The Affairs of Cellini,0
1934,Actor,,William Powell,The Thin Man,0
1934,Actress,1,Claudette Colbert,It Happened One Night,0
1934,Actress,,Bette Davis,Of Human Bondage,0
1934,Actress,,Grace Moore,One Night of Love,0
1934,Actress,,Norma Shearer,The Barretts of Wimpole Street,0
1935,Actor,,Clark Gable,Mutiny on the Bounty,0
1935,Actor,,Charles Laughton,Mutiny on the Bounty,0
1935,Actor,1,Victor McLaglen,The Informer,0
1935,Actor,,Paul Muni,Black Fury,0
1935,Actor,,Franchot Tone,Mutiny on the Bounty,0
1935,Actress,,Elisabeth Bergner,Escape Me Never,0
1935,Actress,,Claudette Colbert,Private Worlds,0
1935,Actress,1,Bette Davis,Dangerous,0
1935,Actress,,Katharine Hepburn,Alice Adams,0
1935,Actress,,Miriam Hopkins,Becky Sharp,0
1935,Actress,,Merle Oberon,The Dark Angel,1
1936,Actor,,Gary Cooper,Mr. Deeds Goes to Town,0
1936,Actor,,Walter Huston,Dodsworth,0
1936,Actor,1,Paul Muni,The Story of Louis Pasteur,0
1936,Actor,,William Powell,My Man Godfrey,0
1936,Actor,,Spencer Tracy,San Francisco,0
1936,Actor in a Supporting Role,,Mischa Auer,My Man Godfrey,0
1936,Actor in a Supporting Role,1,Walter Brennan,Come and Get It,0
1936,Actor in a Supporting Role,,Stuart Erwin,Pigskin Parade,0
1936,Actor in a Supporting Role,,Basil Rathbone,Romeo and Juliet,0
1936,Actor in a Supporting Role,,Akim Tamiroff,The General Died at Dawn,0
1936,Actress,,Irene Dunne,Theodora Goes Wild,0
1936,Actress,,Gladys George,Valiant Is the Word for Carrie,0
1936,Actress,,Carole Lombard,My Man Godfrey,0
1936,Actress,1,Luise Rainer,The Great Ziegfeld,0
1936,Actress,,Norma Shearer,Romeo and Juliet,0
1936,Actress in a Supporting Role,,Beulah Bondi,The Gorgeous Hussy,0
1936,Actress in a Supporting Role,,Alice Brady,My Man Godfrey,0
1936,Actress in a Supporting Role,,Bonita Granville,These Three,0
1936,Actress in a Supporting Role,,Maria Ouspenskaya,Dodsworth,0
1936,Actress in a Supporting Role,1,Gale Sondergaard,Anthony Adverse,0
1937,Actor,,Charles Boyer,Conquest,0
1937,Actor,,Fredric March,A Star Is Born,0
1937,Actor,,Robert Montgomery,Night Must Fall,0
1937,Actor,,Paul Muni,The Life of Emile Zola,0
1937,Actor,1,Spencer Tracy,Captains Courageous,0
1937,Actor in a Supporting Role,,Ralph Bellamy,The Awful Truth,0
1937,Actor in a Supporting Role,,Thomas Mitchell,The Hurricane,0
1937,Actor in a Supporting Role,1,Joseph Schildkraut,The Life of Emile Zola,0
1937,Actor in a Supporting Role,,H. B. Warner,Lost Horizon,0
1937,Actor in a Supporting Role,,Roland Young,Topper,0
1937,Actress,,Irene Dunne,The Awful Truth,0
1937,Actress,,Greta Garbo,Camille,0
1937,Actress,,Janet Gaynor,A Star Is Born,0
1937,Actress,1,Luise Rainer,The Good Earth,0
1937,Actress,,Barbara Stanwyck,Stella Dallas,0
1937,Actress in a Supporting Role,1,Alice Brady,In Old Chicago,0
1937,Actress in a Supporting Role,,Andrea Leeds,Stage Door,0
1937,Actress in a Supporting Role,,Anne Shirley,Stella Dallas,0
1937,Actress in a Supporting Role,,Claire Trevor,Dead End,0
1937,Actress in a Supporting Role,,Dame May Whitty,Night Must Fall,0
1938,Actor,,Charles Boyer,Algiers,0
1938,Actor,,James Cagney,Angels with Dirty Faces,0
1938,Actor,,Robert Donat,The Citadel,0
1938,Actor,,Leslie Howard,Pygmalion,0
1938,Actor,1,Spencer Tracy,Boys Town,0
1938,Actor in a Supporting Role,1,Walter Brennan,Kentucky,0
1938,Actor in a Supporting Role,,John Garfield,Four Daughters,0
1938,Actor in a Supporting Role,,Gene Lockhart,Algiers,0
1938,Actor in a Supporting Role,,Robert Morley,Marie Antoinette,0
1938,Actor in a Supporting Role,,Basil Rathbone,If I Were King,0
1938,Actress,,Fay Bainter,White Banners,0
1938,Actress,1,Bette Davis,Jezebel,0
1938,Actress,,Wendy Hiller,Pygmalion,0
1938,Actress,,Norma Shearer,Marie Antoinette,0
1938,Actress,,Margaret Sullavan,Three Comrades,0
1938,Actress in a Supporting Role,1,Fay Bainter,Jezebel,0
1938,Actress in a Supporting Role,,Beulah Bondi,Of Human Hearts,0
1938,Actress in a Supporting Role,,Billie Burke,Merrily We Live,0
1938,Actress in a Supporting Role,,Spring Byington,You Can't Take It with You,0
1938,Actress in a Supporting Role,,Miliza Korjus,The Great Waltz,0
1939,Actor,1,Robert Donat,"Goodbye, Mr. Chips",0
1939,Actor,,Clark Gable,Gone with the Wind,0
1939,Actor,,Laurence Olivier,Wuthering Heights,0
1939,Actor,,Mickey Rooney,Babes in Arms,0
1939,Actor,,James Stewart,Mr. Smith Goes to Washington,0
1939,Actor in a Supporting Role,,Brian Aherne,Juarez,0
1939,Actor in a Supporting Role,,Harry Carey,Mr. Smith Goes to Washington,0
1939,Actor in a Supporting Role,,Brian Donlevy,Beau Geste,0
1939,Actor in a Supporting Role,1,Thomas Mitchell,Stagecoach,0
1939,Actor in a Supporting Role,,Claude Rains,Mr. Smith Goes to Washington,0
1939,Actress,,Bette Davis,Dark Victory,0
1939,Actress,,Irene Dunne,Love Affair,0
1939,Actress,,Greta Garbo,Ninotchka,0
1939,Actress,,Greer Garson,"Goodbye, Mr. Chips",0
1939,Actress,1,Vivien Leigh,Gone with the Wind,0
1939,Actress in a Supporting Role,,Olivia de Havilland,Gone with the Wind,0
1939,Actress in a Supporting Role,,Geraldine Fitzgerald,Wuthering Heights,0
1939,Actress in a Supporting Role,1,Hattie McDaniel,Gone with the Wind,1
1939,Actress in a Supporting Role,,Edna May Oliver,Drums along the Mohawk,0
1939,Actress in a Supporting Role,,Maria Ouspenskaya,Love Affair,0
1940,Actor,,Charles Chaplin,The Great Dictator,0
1940,Actor,,Henry Fonda,The Grapes of Wrath,0
1940,Actor,,Raymond Massey,Abe Lincoln in Illinois,0
1940,Actor,,Laurence Olivier,Rebecca,0
1940,Actor,1,James Stewart,The Philadelphia Story,0
1940,Actor in a Supporting Role,,Albert Basserman,Foreign Correspondent,0
1940,Actor in a Supporting Role,1,Walter Brennan,The Westerner,0
1940,Actor in a Supporting Role,,William Gargan,They Knew What They Wanted,0
1940,Actor in a Supporting Role,,Jack Oakie,The Great Dictator,0
1940,Actor in a Supporting Role,,James Stephenson,The Letter,0
1940,Actress,,Bette Davis,The Letter,0
1940,Actress,,Joan Fontaine,Rebecca,0
1940,Actress,,Katharine Hepburn,The Philadelphia Story,0
1940,Actress,1,Ginger Rogers,Kitty Foyle,0
1940,Actress,,Martha Scott,Our Town,0
1940,Actress in a Supporting Role,,Judith Anderson,Rebecca,0
1940,Actress in a Supporting Role,1,Jane Darwell,The Grapes of Wrath,0
1940,Actress in a Supporting Role,,Ruth Hussey,The Philadelphia Story,0
1940,Actress in a Supporting Role,,Barbara O'Neil,"All This, and Heaven Too",0
1940,Actress in a Supporting Role,,Marjorie Rambeau,Primrose Path,0
1941,Actor,1,Gary Cooper,Sergeant York,0
1941,Actor,,Cary Grant,Penny Serenade,0
1941,Actor,,Walter Huston,All That Money Can Buy,0
1941,Actor,,Robert Montgomery,Here Comes Mr. Jordan,0
1941,Actor,,Orson Welles,Citizen Kane,0
1941,Actor in a Supporting Role,,Walter Brennan,Sergeant York,0
1941,Actor in a Supporting Role,,Charles Coburn,The Devil and Miss Jones,0
1941,Actor in a Supporting Role,1,Donald Crisp,How Green Was My Valley,0
1941,Actor in a Supporting Role,,James Gleason,Here Comes Mr. Jordan,0
1941,Actor in a Supporting Role,,Sydney Greenstreet,The Maltese Falcon,0
1941,Actress,,Bette Davis,The Little Foxes,0
1941,Actress,,Olivia de Havilland,Hold Back the Dawn,0
1941,Actress,1,Joan Fontaine,Suspicion,0
1941,Actress,,Greer Garson,Blossoms in the Dust,0
1941,Actress,,Barbara Stanwyck,Ball of Fire,0
1941,Actress in a Supporting Role,,Sara Allgood,How Green Was My Valley,0
1941,Actress in a Supporting Role,1,Mary Astor,The Great Lie,0
1941,Actress in a Supporting Role,,Patricia Collinge,The Little Foxes,0
1941,Actress in a Supporting Role,,Teresa Wright,The Little Foxes,0
1941,Actress in a Supporting Role,,Margaret Wycherly,Sergeant York,0
1942,Actor,1,James Cagney,Yankee Doodle Dandy,0
1942,Actor,,Ronald Colman,Random Harvest,0
1942,Actor,,Gary Cooper,The Pride of the Yankees,0
1942,Actor,,Walter Pidgeon,Mrs. Miniver,0
1942,Actor,,Monty Woolley,The Pied Piper,0
1942,Actor in a Supporting Role,,William Bendix,Wake Island,0
1942,Actor in a Supporting Role,1,Van Heflin,Johnny Eager,0
1942,Actor in a Supporting Role,,Walter Huston,Yankee Doodle Dandy,0
1942,Actor in a Supporting Role,,Frank Morgan,Tortilla Flat,0
1942,Actor in a Supporting Role,,Henry Travers,Mrs. Miniver,0
1942,Actress,,Bette Davis,"Now, Voyager",0
1942,Actress,1,Greer Garson,Mrs. Miniver,0
1942,Actress,,Katharine Hepburn,Woman of the Year,0
1942,Actress,,Rosalind Russell,My Sister Eileen,0
1942,Actress,,Teresa Wright,The Pride of the Yankees,0
1942,Actress in a Supporting Role,,Gladys Cooper,"Now, Voyager",0
1942,Actress in a Supporting Role,,Agnes Moorehead,The Magnificent Ambersons,0
1942,Actress in a Supporting Role,,Susan Peters,Random Harvest,0
1942,Actress in a Supporting Role,,Dame May Whitty,Mrs. Miniver,0
1942,Actress in a Supporting Role,1,Teresa Wright,Mrs. Miniver,0
1943,Actor,,Humphrey Bogart,Casablanca,0
1943,Actor,,Gary Cooper,For Whom the Bell Tolls,0
1943,Actor,1,Paul Lukas,Watch on the Rhine,0
1943,Actor,,Walter Pidgeon,Madame Curie,0
1943,Actor,,Mickey Rooney,The Human Comedy,0
1943,Actor in a Supporting Role,,Charles Bickford,The Song of Bernadette,0
1943,Actor in a Supporting Role,1,Charles Coburn,The More the Merrier,0
1943,Actor in a Supporting Role,,J. Carrol Naish,Sahara,0
1943,Actor in a Supporting Role,,Claude Rains,Casablanca,0
1943,Actor in a Supporting Role,,Akim Tamiroff,For Whom the Bell Tolls,0
1943,Actress,,Jean Arthur,The More the Merrier,0
1943,Actress,,Ingrid Bergman,For Whom the Bell Tolls,0
1943,Actress,,Joan Fontaine,The Constant Nymph,0
1943,Actress,,Greer Garson,Madame Curie,0
1943,Actress,1,Jennifer Jones,The Song of Bernadette,0
1943,Actress in a Supporting Role,,Gladys Cooper,The Song of Bernadette,0
1943,Actress in a Supporting Role,,Paulette Goddard,So Proudly We Hail!,0
1943,Actress in a Supporting Role,1,Katina Paxinou,For Whom the Bell Tolls,0
1943,Actress in a Supporting Role,,Anne Revere,The Song of Bernadette,0
1943,Actress in a Supporting Role,,Lucile Watson,Watch on the Rhine,0
1944,Actor,,Charles Boyer,Gaslight,0
1944,Actor,1,Bing Crosby,Going My Way,0
1944,Actor,,Barry Fitzgerald,Going My Way,0
1944,Actor,,Cary Grant,None but the Lonely Heart,0
1944,Actor,,Alexander Knox,Wilson,0
1944,Actor in a Supporting Role,,Hume Cronyn,The Seventh Cross,0
1944,Actor in a Supporting Role,1,Barry Fitzgerald,Going My Way,0
1944,Actor in a Supporting Role,,Claude Rains,Mr. Skeffington,0
1944,Actor in a Supporting Role,,Clifton Webb,Laura,0
1944,Actor in a Supporting Role,,Monty Woolley,Since You Went Away,0
1944,Actress,1,Ingrid Bergman,Gaslight,0
1944,Actress,,Claudette Colbert,Since You Went Away,0
1944,Actress,,Bette Davis,Mr. Skeffington,0
1944,Actress,,Greer Garson,Mrs. Parkington,0
1944,Actress,,Barbara Stanwyck,Double Indemnity,0
1944,Actress in a Supporting Role,1,Ethel Barrymore,None but the Lonely Heart,0
1944,Actress in a Supporting Role,,Jennifer Jones,Since You Went Away,0
1944,Actress in a Supporting Role,,Angela Lansbury,Gaslight,0
1944,Actress in a Supporting Role,,Aline MacMahon,Dragon Seed,0
1944,Actress in a Supporting Role,,Agnes Moorehead,Mrs. Parkington,0
1945,Actor,,Bing Crosby,The Bells of St. Mary's,0
1945,Actor,,Gene Kelly,Anchors Aweigh,0
1945,Actor,1,Ray Milland,The Lost Weekend,0
1945,Actor,,Gregory Peck,The Keys of the Kingdom,0
1945,Actor,,Cornel Wilde,A Song to Remember,0
1945,Actor in a Supporting Role,,Michael Chekhov,Spellbound,0
1945,Actor in a Supporting Role,,John Dall,The Corn Is Green,0
1945,Actor in a Supporting Role,1,James Dunn,A Tree Grows in Brooklyn,0
1945,Actor in a Supporting Role,,Robert Mitchum,G. I. Joe,0
1945,Actor in a Supporting Role,,J. Carrol Naish,A Medal for Benny,0
1945,Actress,,Ingrid Bergman,The Bells of St. Mary's,0
1945,Actress,1,Joan Crawford,Mildred Pierce,0
1945,Actress,,Greer Garson,The Valley of Decision,0
1945,Actress,,Jennifer Jones,Love Letters,0
1945,Actress,,Gene Tierney,Leave Her to Heaven,0
1945,Actress in a Supporting Role,,Eve Arden,Mildred Pierce,0
1945,Actress in a Supporting Role,,Ann Blyth,Mildred Pierce,0
1945,Actress in a Supporting Role,,Angela Lansbury,The Picture of Dorian Gray,0
1945,Actress in a Supporting Role,,Joan Lorring,The Corn Is Green,0
1945,Actress in a Supporting Role,1,Anne Revere,National Velvet,0
1946,Actor,1,Fredric March,The Best Years of Our Lives,0
1946,Actor,,Laurence Olivier,Henry V,0
1946,Actor,,Larry Parks,The Jolson Story,0
1946,Actor,,Gregory Peck,The Yearling,0
1946,Actor,,James Stewart,It's a Wonderful Life,0
1946,Actor in a Supporting Role,,Charles Coburn,The Green Years,0
1946,Actor in a Supporting Role,,William Demarest,The Jolson Story,0
1946,Actor in a Supporting Role,,Claude Rains,Notorious,0
1946,Actor in a Supporting Role,1,Harold Russell,The Best Years of Our Lives,0
1946,Actor in a Supporting Role,,Clifton Webb,The Razor's Edge,0
1946,Actress,1,Olivia de Havilland,To Each His Own,0
1946,Actress,,Celia Johnson,Brief Encounter,0
1946,Actress,,Jennifer Jones,Duel in the Sun,0
1946,Actress,,Rosalind Russell,Sister Kenny,0
1946,Actress,,Jane Wyman,The Yearling,0
1946,Actress in a Supporting Role,,Ethel Barrymore,The Spiral Staircase,0
1946,Actress in a Supporting Role,1,Anne Baxter,The Razor's Edge,0
1946,Actress in a Supporting Role,,Lillian Gish,Duel in the Sun,0
1946,Actress in a Supporting Role,,Flora Robson,Saratoga Trunk,0
1946,Actress in a Supporting Role,,Gale Sondergaard,Anna and the King of Siam,0
1947,Actor,1,Ronald Colman,A Double Life,0
1947,Actor,,John Garfield,Body and Soul,0
1947,Actor,,Gregory Peck,Gentleman's Agreement,0
1947,Actor,,William Powell,Life with Father,0
1947,Actor,,Michael Redgrave,Mourning Becomes Electra,0
1947,Actor in a Supporting Role,,Charles Bickford,The Farmer's Daughter,0
1947,Actor in a Supporting Role,,Thomas Gomez,Ride the Pink Horse,0
1947,Actor in a Supporting Role,1,Edmund Gwenn,Miracle on 34th Street,0
1947,Actor in a Supporting Role,,Robert Ryan,Crossfire,0
1947,Actor in a Supporting Role,,Richard Widmark,Kiss of Death,0
1947,Actress,,Joan Crawford,Possessed,0
1947,Actress,,Susan Hayward,Smash-Up--The Story of a Woman,0
1947,Actress,,Dorothy McGuire,Gentleman's Agreement,0
1947,Actress,,Rosalind Russell,Mourning Becomes Electra,0
1947,Actress,1,Loretta Young,The Farmer's Daughter,0
1947,Actress in a Supporting Role,,Ethel Barrymore,The Paradine Case,0
1947,Actress in a Supporting Role,,Gloria Grahame,Crossfire,0
1947,Actress in a Supporting Role,1,Celeste Holm,Gentleman's Agreement,0
1947,Actress in a Supporting Role,,Marjorie Main,The Egg and I,0
1947,Actress in a Supporting Role,,Anne Revere,Gentleman's Agreement,0
1948,Actor,,Lew Ayres,Johnny Belinda,0
1948,Actor,,Montgomery Clift,The Search,0
1948,Actor,,Dan Dailey,When My Baby Smiles at Me,0
1948,Actor,1,Laurence Olivier,Hamlet,0
1948,Actor,,Clifton Webb,Sitting Pretty,0
1948,Actor in a Supporting Role,,Charles Bickford,Johnny Belinda,0
1948,Actor in a Supporting Role,,José Ferrer,Joan of Arc,1
1948,Actor in a Supporting Role,,Oscar Homolka,I Remember Mama,0
1948,Actor in a Supporting Role,1,Walter Huston,The Treasure of the Sierra Madre,0
1948,Actor in a Supporting Role,,Cecil Kellaway,The Luck of the Irish,0
1948,Actress,,Ingrid Bergman,Joan of Arc,0
1948,Actress,,Olivia de Havilland,The Snake Pit,0
1948,Actress,,Irene Dunne,I Remember Mama,0
1948,Actress,,Barbara Stanwyck,"Sorry, Wrong Number",0
1948,Actress,1,Jane Wyman,Johnny Belinda,0
1948,Actress in a Supporting Role,,Barbara Bel Geddes,I Remember Mama,0
1948,Actress in a Supporting Role,,Ellen Corby,I Remember Mama,0
1948,Actress in a Supporting Role,,Agnes Moorehead,Johnny Belinda,0
1948,Actress in a Supporting Role,,Jean Simmons,Hamlet,0
1948,Actress in a Supporting Role,1,Claire Trevor,Key Largo,0
1949,Actor,1,Broderick Crawford,All the King's Men,0
1949,Actor,,Kirk Douglas,Champion,0
1949,Actor,,Gregory Peck,Twelve O'Clock High,0
1949,Actor,,Richard Todd,The Hasty Heart,0
1949,Actor,,John Wayne,Sands of Iwo Jima,0
1949,Actor in a Supporting Role,,John Ireland,All the King's Men,0
1949,Actor in a Supporting Role,1,Dean Jagger,Twelve O'Clock High,0
1949,Actor in a Supporting Role,,Arthur Kennedy,Champion,0
1949,Actor in a Supporting Role,,Ralph Richardson,The Heiress,0
1949,Actor in a Supporting Role,,James Whitmore,Battleground,0
1949,Actress,,Jeanne Crain,Pinky,0
1949,Actress,1,Olivia de Havilland,The Heiress,0
1949,Actress,,Susan Hayward,My Foolish Heart,0
1949,Actress,,Deborah Kerr,"Edward, My Son",0
1949,Actress,,Loretta Young,Come to the Stable,0
1949,Actress in a Supporting Role,,Ethel Barrymore,Pinky,0
1949,Actress in a Supporting Role,,Celeste Holm,Come to the Stable,0
1949,Actress in a Supporting Role,,Elsa Lanchester,Come to the Stable,0
1949,Actress in a Supporting Role,1,Mercedes McCambridge,All the King's Men,0
1949,Actress in a Supporting Role,,Ethel Waters,Pinky,1
1950,Actor,,Louis Calhern,The Magnificent Yankee,0
1950,Actor,1,José Ferrer,Cyrano de Bergerac,1
1950,Actor,,William Holden,Sunset Blvd.,0
1950,Actor,,James Stewart,Harvey,0
1950,Actor,,Spencer Tracy,Father of the Bride,0
1950,Actor in a Supporting Role,,Jeff Chandler,Broken Arrow,0
1950,Actor in a Supporting Role,,Edmund Gwenn,Mister 880,0
1950,Actor in a Supporting Role,,Sam Jaffe,The Asphalt Jungle,0
1950,Actor in a Supporting Role,1,George Sanders,All about Eve,0
1950,Actor in a Supporting Role,,Erich von Stroheim,Sunset Blvd.,0
1950,Actress,,Anne Baxter,All about Eve,0
1950,Actress,,Bette Davis,All about Eve,0
1950,Actress,1,Judy Holliday,Born Yesterday,0
1950,Actress,,Eleanor Parker,Caged,0
1950,Actress,,Gloria Swanson,Sunset Blvd.,0
1950,Actress in a Supporting Role,,Hope Emerson,Caged,0
1950,Actress in a Supporting Role,,Celeste Holm,All about Eve,0
1950,Actress in a Supporting Role,1,Josephine Hull,Harvey,0
1950,Actress in a Supporting Role,,Nancy Olson,Sunset Blvd.,0
1950,Actress in a Supporting Role,,Thelma Ritter,All about Eve,0
1951,Actor,1,Humphrey Bogart,The African Queen,0
1951,Actor,,Marlon Brando,A Streetcar Named Desire,0
1951,Actor,,Montgomery Clift,A Place in the Sun,0
1951,Actor,,Arthur Kennedy,Bright Victory,0
1951,Actor,,Fredric March,Death of a Salesman,0
1951,Actor in a Supporting Role,,Leo Genn,Quo Vadis,0
1951,Actor in a Supporting Role,,Kevin McCarthy,Death of a Salesman,0
1951,Actor in a Supporting Role,1,Karl Malden,A Streetcar Named Desire,0
1951,Actor in a Supporting Role,,Peter Ustinov,Quo Vadis,0
1951,Actor in a Supporting Role,,Gig Young,Come Fill the Cup,0
1951,Actress,,Katharine Hepburn,The African Queen,0
1951,Actress,1,Vivien Leigh,A Streetcar Named Desire,0
1951,Actress,,Eleanor Parker,Detective Story,0
1951,Actress,,Shelley Winters,A Place in the Sun,0
1951,Actress,,Jane Wyman,The Blue Veil,0
1951,Actress in a Supporting Role,,Joan Blondell,The Blue Veil,0
1951,Actress in a Supporting Role,,Mildred Dunnock,Death of a Salesman,0
1951,Actress in a Supporting Role,,Lee Grant,Detective Story,0
1951,Actress in a Supporting Role,1,Kim Hunter,A Streetcar Named Desire,0
1951,Actress in a Supporting Role,,Thelma Ritter,The Mating Season,0
1952,Actor,,Marlon Brando,Viva Zapata!,0
1952,Actor,1,Gary Cooper,High Noon,0
1952,Actor,,Kirk Douglas,The Bad and the Beautiful,0
1952,Actor,,José Ferrer,Moulin Rouge,1
1952,Actor,,Alec Guinness,The Lavender Hill Mob,0
1952,Actor in a Supporting Role,,Richard Burton,My Cousin Rachel,0
1952,Actor in a Supporting Role,,Arthur Hunnicutt,The Big Sky,0
1952,Actor in a Supporting Role,,Victor McLaglen,The Quiet Man,0
1952,Actor in a Supporting Role,,Jack Palance,Sudden Fear,0
1952,Actor in a Supporting Role,1,Anthony Quinn,Viva Zapata!,0
1952,Actress,1,Shirley Booth,"Come Back, Little Sheba",0
1952,Actress,,Joan Crawford,Sudden Fear,0
1952,Actress,,Bette Davis,The Star,0
1952,Actress,,Julie Harris,The Member of the Wedding,0
1952,Actress,,Susan Hayward,With a Song in My Heart,0
1952,Actress in a Supporting Role,1,Gloria Grahame,The Bad and the Beautiful,0
1952,Actress in a Supporting Role,,Jean Hagen,Singin' in the Rain,0
1952,Actress in a Supporting Role,,Colette Marchand,Moulin Rouge,0
1952,Actress in a Supporting Role,,Terry Moore,"Come Back, Little Sheba",0
1952,Actress in a Supporting Role,,Thelma Ritter,With a Song in My Heart,0
1953,Actor,,Marlon Brando,Julius Caesar,0
1953,Actor,,Richard Burton,The Robe,0
1953,Actor,,Montgomery Clift,From Here to Eternity,0
1953,Actor,1,William Holden,Stalag 17,0
1953,Actor,,Burt Lancaster,From Here to Eternity,0
1953,Actor in a Supporting Role,,Eddie Albert,Roman Holiday,0
1953,Actor in a Supporting Role,,Brandon De Wilde,Shane,0
1953,Actor in a Supporting Role,,Jack Palance,Shane,0
1953,Actor in a Supporting Role,1,Frank Sinatra,From Here to Eternity,0
1953,Actor in a Supporting Role,,Robert Strauss,Stalag 17,0
1953,Actress,,Leslie Caron,Lili,0
1953,Actress,,Ava Gardner,Mogambo,0
1953,Actress,1,Audrey Hepburn,Roman Holiday,0
1953,Actress,,Deborah Kerr,From Here to Eternity,0
1953,Actress,,Maggie McNamara,The Moon Is Blue,0
1953,Actress in a Supporting Role,,Grace Kelly,Mogambo,0
1953,Actress in a Supporting Role,,Geraldine Page,Hondo,0
1953,Actress in a Supporting Role,,Marjorie Rambeau,Torch Song,0
1953,Actress in a Supporting Role,1,Donna Reed,From Here to Eternity,0
1953,Actress in a Supporting Role,,Thelma Ritter,Pickup on South Street,0
1954,Actor,,Humphrey Bogart,The Caine Mutiny,0
1954,Actor,1,Marlon Brando,On the Waterfront,0
1954,Actor,,Bing Crosby,The Country Girl,0
1954,Actor,,James Mason,A Star Is Born,0
1954,Actor,,Dan O'Herlihy,Adventures of Robinson Crusoe,0
1954,Actor in a Supporting Role,,Lee J. Cobb,On the Waterfront,0
1954,Actor in a Supporting Role,,Karl Malden,On the Waterfront,0
1954,Actor in a Supporting Role,1,Edmond O'Brien,The Barefoot Contessa,0
1954,Actor in a Supporting Role,,Rod Steiger,On the Waterfront,0
1954,Actor in a Supporting Role,,Tom Tully,The Caine Mutiny,0
1954,Actress,,Dorothy Dandridge,Carmen Jones,1
1954,Actress,,Judy Garland,A Star Is Born,0
1954,Actress,,Audrey Hepburn,Sabrina,0
1954,Actress,1,Grace Kelly,The Country Girl,0
1954,Actress,,Jane Wyman,Magnificent Obsession,0
1954,Actress in a Supporting Role,,Nina Foch,Executive Suite,0
1954,Actress in a Supporting Role,,Katy Jurado,Broken Lance,1
1954,Actress in a Supporting Role,1,Eva Marie Saint,On the Waterfront,0
1954,Actress in a Supporting Role,,Jan Sterling,The High and the Mighty,0
1954,Actress in a Supporting Role,,Claire Trevor,The High and the Mighty,0
1955,Actor,1,Ernest Borgnine,Marty,0
1955,Actor,,James Cagney,Love Me or Leave Me,0
1955,Actor,,James Dean,East of Eden,0
1955,Actor,,Frank Sinatra,The Man with the Golden Arm,0
1955,Actor,,Spencer Tracy,Bad Day at Black Rock,0
1955,Actor in a Supporting Role,,Arthur Kennedy,Trial,0
1955,Actor in a Supporting Role,1,Jack Lemmon,Mister Roberts,0
1955,Actor in a Supporting Role,,Joe Mantell,Marty,0
1955,Actor in a Supporting Role,,Sal Mineo,Rebel without a Cause,0
1955,Actor in a Supporting Role,,Arthur O'Connell,Picnic,0
1955,Actress,,Susan Hayward,I'll Cry Tomorrow,0
1955,Actress,,Katharine Hepburn,Summertime,0
1955,Actress,,Jennifer Jones,Love Is a Many-Splendored Thing,0
1955,Actress,1,Anna Magnani,The Rose Tattoo,0
1955,Actress,,Eleanor Parker,Interrupted Melody,0
1955,Actress in a Supporting Role,,Betsy Blair,Marty,0
1955,Actress in a Supporting Role,,Peggy Lee,Pete Kelly's Blues,0
1955,Actress in a Supporting Role,,Marisa Pavan,The Rose Tattoo,0
1955,Actress in a Supporting Role,1,Jo Van Fleet,East of Eden,0
1955,Actress in a Supporting Role,,Natalie Wood,Rebel without a Cause,0
1956,Actor,1,Yul Brynner,The King and I,0
1956,Actor,,James Dean,Giant,0
1956,Actor,,Kirk Douglas,Lust for Life,0
1956,Actor,,Rock Hudson,Giant,0
1956,Actor,,Sir Laurence Olivier,Richard III,0
1956,Actor in a Supporting Role,,Don Murray,Bus Stop,0
1956,Actor in a Supporting Role,,Anthony Perkins,Friendly Persuasion,0
1956,Actor in a Supporting Role,1,Anthony Quinn,Lust for Life,1
1956,Actor in a Supporting Role,,Mickey Rooney,The Bold and the Brave,0
1956,Actor in a Supporting Role,,Robert Stack,Written on the Wind,0
1956,Actress,,Carroll Baker,Baby Doll,0
1956,Actress,1,Ingrid Bergman,Anastasia,0
1956,Actress,,Katharine Hepburn,The Rainmaker,0
1956,Actress,,Nancy Kelly,The Bad Seed,0
1956,Actress,,Deborah Kerr,The King and I,0
1956,Actress in a Supporting Role,,Mildred Dunnock,Baby Doll,0
1956,Actress in a Supporting Role,,Eileen Heckart,The Bad Seed,0
1956,Actress in a Supporting Role,,Mercedes McCambridge,Giant,0
1956,Actress in a Supporting Role,,Patty McCormack,The Bad Seed,0
1956,Actress in a Supporting Role,1,Dorothy Malone,Written on the Wind,0
1957,Actor,,Marlon Brando,Sayonara,0
1957,Actor,,Anthony Franciosa,A Hatful of Rain,0
1957,Actor,1,Alec Guinness,The Bridge on the River Kwai,0
1957,Actor,,Charles Laughton,Witness for the Prosecution,0
1957,Actor,,Anthony Quinn,Wild Is the Wind,1
1957,Actor in a Supporting Role,1,Red Buttons,Sayonara,0
1957,Actor in a Supporting Role,,Vittorio De Sica,A Farewell to Arms,0
1957,Actor in a Supporting Role,,Sessue Hayakawa,The Bridge on the River Kwai,1
1957,Actor in a Supporting Role,,Arthur Kennedy,Peyton Place,0
1957,Actor in a Supporting Role,,Russ Tamblyn,Peyton Place,0
1957,Actress,,Deborah Kerr,"Heaven Knows, Mr. Allison",0
1957,Actress,,Anna Magnani,Wild Is the Wind,0
1957,Actress,,Elizabeth Taylor,Raintree County,0
1957,Actress,,Lana Turner,Peyton Place,0
1957,Actress,1,Joanne Woodward,The Three Faces of Eve,0
1957,Actress in a Supporting Role,,Carolyn Jones,The Bachelor Party,0
1957,Actress in a Supporting Role,,Elsa Lanchester,Witness for the Prosecution,0
1957,Actress in a Supporting Role,,Hope Lange,Peyton Place,0
1957,Actress in a Supporting Role,1,Miyoshi Umeki,Sayonara,1
1957,Actress in a Supporting Role,,Diane Varsi,Peyton Place,0
1958,Actor,,Tony Curtis,The Defiant Ones,0
1958,Actor,,Paul Newman,Cat on a Hot Tin Roof,0
1958,Actor,1,David Niven,Separate Tables,0
1958,Actor,,Sidney Poitier,The Defiant Ones,1
1958,Actor,,Spencer Tracy,The Old Man and the Sea,0
1958,Actor in a Supporting Role,,Theodore Bikel,The Defiant Ones,0
1958,Actor in a Supporting Role,,Lee J. Cobb,The Brothers Karamazov,0
1958,Actor in a Supporting Role,1,Burl Ives,The Big Country,0
1958,Actor in a Supporting Role,,Arthur Kennedy,Some Came Running,0
1958,Actor in a Supporting Role,,Gig Young,Teacher's Pet,0
1958,Actress,1,Susan Hayward,I Want to Live!,0
1958,Actress,,Deborah Kerr,Separate Tables,0
1958,Actress,,Shirley MacLaine,Some Came Running,0
1958,Actress,,Rosalind Russell,Auntie Mame,0
1958,Actress,,Elizabeth Taylor,Cat on a Hot Tin Roof,0
1958,Actress in a Supporting Role,,Peggy Cass,Auntie Mame,0
1958,Actress in a Supporting Role,1,Wendy Hiller,Separate Tables,0
1958,Actress in a Supporting Role,,Martha Hyer,Some Came Running,0
1958,Actress in a Supporting Role,,Maureen Stapleton,Lonelyhearts,0
1958,Actress in a Supporting Role,,Cara Williams,The Defiant Ones,0
1959,Actor,,Laurence Harvey,Room at the Top,0
1959,Actor,1,Charlton Heston,Ben-Hur,0
1959,Actor,,Jack Lemmon,Some Like It Hot,0
1959,Actor,,Paul Muni,The Last Angry Man,0
1959,Actor,,James Stewart,Anatomy of a Murder,0
1959,Actor in a Supporting Role,1,Hugh Griffith,Ben-Hur,0
1959,Actor in a Supporting Role,,Arthur O'Connell,Anatomy of a Murder,0
1959,Actor in a Supporting Role,,George C. Scott,Anatomy of a Murder,0
1959,Actor in a Supporting Role,,Robert Vaughn,The Young Philadelphians,0
1959,Actor in a Supporting Role,,Ed Wynn,The Diary of Anne Frank,0
1959,Actress,,Doris Day,Pillow Talk,0
1959,Actress,,Audrey Hepburn,The Nun's Story,0
1959,Actress,,Katharine Hepburn,"Suddenly, Last Summer",0
1959,Actress,1,Simone Signoret,Room at the Top,0
1959,Actress,,Elizabeth Taylor,"Suddenly, Last Summer",0
1959,Actress in a Supporting Role,,Hermione Baddeley,Room at the Top,0
1959,Actress in a Supporting Role,,Susan Kohner,Imitation of Life,0
1959,Actress in a Supporting Role,,Juanita Moore,Imitation of Life,1
1959,Actress in a Supporting Role,,Thelma Ritter,Pillow Talk,0
1959,Actress in a Supporting Role,1,Shelley Winters,The Diary of Anne Frank,0
1960,Actor,,Trevor Howard,Sons and Lovers,0
1960,Actor,1,Burt Lancaster,Elmer Gantry,0
1960,Actor,,Jack Lemmon,The Apartment,0
1960,Actor,,Laurence Olivier,The Entertainer,0
1960,Actor,,Spencer Tracy,Inherit the Wind,0
1960,Actor in a Supporting Role,,Peter Falk,"Murder, Inc.",0
1960,Actor in a Supporting Role,,Jack Kruschen,The Apartment,0
1960,Actor in a Supporting Role,,Sal Mineo,Exodus,0
1960,Actor in a Supporting Role,1,Peter Ustinov,Spartacus,0
1960,Actor in a Supporting Role,,Chill Wills,The Alamo,0
1960,Actress,,Greer Garson,Sunrise at Campobello,0
1960,Actress,,Deborah Kerr,The Sundowners,0
1960,Actress,,Shirley MacLaine,The Apartment,0
1960,Actress,,Melina Mercouri,Never on Sunday,0
1960,Actress,1,Elizabeth Taylor,Butterfield 8,0
1960,Actress in a Supporting Role,,Glynis Johns,The Sundowners,0
1960,Actress in a Supporting Role,1,Shirley Jones,Elmer Gantry,0
1960,Actress in a Supporting Role,,Shirley Knight,The Dark at the Top of the Stairs,0
1960,Actress in a Supporting Role,,Janet Leigh,Psycho,0
1960,Actress in a Supporting Role,,Mary Ure,Sons and Lovers,0
1961,Actor,,Charles Boyer,Fanny,0
1961,Actor,,Paul Newman,The Hustler,0
1961,Actor,1,Maximilian Schell,Judgment at Nuremberg,0
1961,Actor,,Spencer Tracy,Judgment at Nuremberg,0
1961,Actor,,Stuart Whitman,The Mark,0
1961,Actor in a Supporting Role,1,George Chakiris,West Side Story,0
1961,Actor in a Supporting Role,,Montgomery Clift,Judgment at Nuremberg,0
1961,Actor in a Supporting Role,,Peter Falk,Pocketful of Miracles,0
1961,Actor in a Supporting Role,,Jackie Gleason,The Hustler,0
1961,Actor in a Supporting Role,,George C. Scott,The Hustler,0
1961,Actress,,Audrey Hepburn,Breakfast at Tiffany's,0
1961,Actress,,Piper Laurie,The Hustler,0
1961,Actress,1,Sophia Loren,Two Women,0
1961,Actress,,Geraldine Page,Summer and Smoke,0
1961,Actress,,Natalie Wood,Splendor in the Grass,0
1961,Actress in a Supporting Role,,Fay Bainter,The Children's Hour,0
1961,Actress in a Supporting Role,,Judy Garland,Judgment at Nuremberg,0
1961,Actress in a Supporting Role,,Lotte Lenya,The Roman Spring of Mrs. Stone,0
1961,Actress in a Supporting Role,,Una Merkel,Summer and Smoke,0
1961,Actress in a Supporting Role,1,Rita Moreno,West Side Story,1
1962,Actor,,Burt Lancaster,Birdman of Alcatraz,0
1962,Actor,,Jack Lemmon,Days of Wine and Roses,0
1962,Actor,,Marcello Mastroianni,Divorce--Italian Style,0
1962,Actor,,Peter O'Toole,Lawrence of Arabia,0
1962,Actor,1,Gregory Peck,To Kill a Mockingbird,0
1962,Actor in a Supporting Role,1,Ed Begley,Sweet Bird of Youth,0
1962,Actor in a Supporting Role,,Victor Buono,What Ever Happened to Baby Jane?,0
1962,Actor in a Supporting Role,,Telly Savalas,Birdman of Alcatraz,0
1962,Actor in a Supporting Role,,Omar Sharif,Lawrence of Arabia,0
1962,Actor in a Supporting Role,,Terence Stamp,Billy Budd,0
1962,Actress,1,Anne Bancroft,The Miracle Worker,0
1962,Actress,,Bette Davis,What Ever Happened to Baby Jane?,0
1962,Actress,,Katharine Hepburn,Long Day's Journey into Night,0
1962,Actress,,Geraldine Page,Sweet Bird of Youth,0
1962,Actress,,Lee Remick,Days of Wine and Roses,0
1962,Actress in a Supporting Role,,Mary Badham,To Kill a Mockingbird,0
1962,Actress in a Supporting Role,1,Patty Duke,The Miracle Worker,0
1962,Actress in a Supporting Role,,Shirley Knight,Sweet Bird of Youth,0
1962,Actress in a Supporting Role,,Angela Lansbury,The Manchurian Candidate,0
1962,Actress in a Supporting Role,,Thelma Ritter,Birdman of Alcatraz,0
1963,Actor,,Albert Finney,Tom Jones,0
1963,Actor,,Richard Harris,This Sporting Life,0
1963,Actor,,Rex Harrison,Cleopatra,0
1963,Actor,,Paul Newman,Hud,0
1963,Actor,1,Sidney Poitier,Lilies of the Field,1
1963,Actor in a Supporting Role,,Nick Adams,Twilight of Honor,0
1963,Actor in a Supporting Role,,Bobby Darin,"Captain Newman, M.D.",0
1963,Actor in a Supporting Role,1,Melvyn Douglas,Hud,0
1963,Actor in a Supporting Role,,Hugh Griffith,Tom Jones,0
1963,Actor in a Supporting Role,,John Huston,The Cardinal,0
1963,Actress,,Leslie Caron,The L-Shaped Room,0
1963,Actress,,Shirley MacLaine,Irma La Douce,0
1963,Actress,1,Patricia Neal,Hud,0
1963,Actress,,Rachel Roberts,This Sporting Life,0
1963,Actress,,Natalie Wood,Love with the Proper Stranger,0
1963,Actress in a Supporting Role,,Diane Cilento,Tom Jones,0
1963,Actress in a Supporting Role,,Dame Edith Evans,Tom Jones,0
1963,Actress in a Supporting Role,,Joyce Redman,Tom Jones,0
1963,Actress in a Supporting Role,1,Margaret Rutherford,The V.I.P.s,0
1963,Actress in a Supporting Role,,Lilia Skala,Lilies of the Field,0
1964,Actor,,Richard Burton,Becket,0
1964,Actor,1,Rex Harrison,My Fair Lady,0
1964,Actor,,Peter O'Toole,Becket,0
1964,Actor,,Anthony Quinn,Zorba the Greek,1
1964,Actor,,Peter Sellers,Dr. Strangelove or: How I Learned to Stop Worrying and Love the Bomb,0
1964,Actor in a Supporting Role,,John Gielgud,Becket,0
1964,Actor in a Supporting Role,,Stanley Holloway,My Fair Lady,0
1964,Actor in a Supporting Role,,Edmond O'Brien,Seven Days in May,0
1964,Actor in a Supporting Role,,Lee Tracy,The Best Man,0
1964,Actor in a Supporting Role,1,Peter Ustinov,Topkapi,0
1964,Actress,1,Julie Andrews,Mary Poppins,0
1964,Actress,,Anne Bancroft,The Pumpkin Eater,0
1964,Actress,,Sophia Loren,Marriage Italian Style,0
1964,Actress,,Debbie Reynolds,The Unsinkable Molly Brown,0
1964,Actress,,Kim Stanley,Seance on a Wet Afternoon,0
1964,Actress in a Supporting Role,,Gladys Cooper,My Fair Lady,0
1964,Actress in a Supporting Role,,Dame Edith Evans,The Chalk Garden,0
1964,Actress in a Supporting Role,,Grayson Hall,The Night of the Iguana,0
1964,Actress in a Supporting Role,1,Lila Kedrova,Zorba the Greek,0
1964,Actress in a Supporting Role,,Agnes Moorehead,"Hush...Hush, Sweet Charlotte",0
1965,Actor,,Richard Burton,The Spy Who Came In from the Cold,0
1965,Actor,1,Lee Marvin,Cat Ballou,0
1965,Actor,,Laurence Olivier,Othello,0
1965,Actor,,Rod Steiger,The Pawnbroker,0
1965,Actor,,Oskar Werner,Ship of Fools,0
1965,Actor in a Supporting Role,1,Martin Balsam,A Thousand Clowns,0
1965,Actor in a Supporting Role,,Ian Bannen,The Flight of the Phoenix,0
1965,Actor in a Supporting Role,,Tom Courtenay,Doctor Zhivago,0
1965,Actor in a Supporting Role,,Michael Dunn,Ship of Fools,0
1965,Actor in a Supporting Role,,Frank Finlay,Othello,0
1965,Actress,,Julie Andrews,The Sound of Music,0
1965,Actress,1,Julie Christie,Darling,0
1965,Actress,,Samantha Eggar,The Collector,0
1965,Actress,,Elizabeth Hartman,A Patch of Blue,0
1965,Actress,,Simone Signoret,Ship of Fools,0
1965,Actress in a Supporting Role,,Ruth Gordon,Inside Daisy Clover,0
1965,Actress in a Supporting Role,,Joyce Redman,Othello,0
1965,Actress in a Supporting Role,,Maggie Smith,Othello,0
1965,Actress in a Supporting Role,1,Shelley Winters,A Patch of Blue,0
1965,Actress in a Supporting Role,,Peggy Wood,The Sound of Music,0
1966,Actor,,Alan Arkin,The Russians Are Coming The Russians Are Coming,0
1966,Actor,,Richard Burton,Who's Afraid of Virginia Woolf?,0
1966,Actor,,Michael Caine,Alfie,0
1966,Actor,,Steve McQueen,The Sand Pebbles,0
1966,Actor,1,Paul Scofield,A Man for All Seasons,0
1966,Actor in a Supporting Role,,Mako,The Sand Pebbles,1
1966,Actor in a Supporting Role,,James Mason,Georgy Girl,0
1966,Actor in a Supporting Role,1,Walter Matthau,The Fortune Cookie,0
1966,Actor in a Supporting Role,,George Segal,Who's Afraid of Virginia Woolf?,0
1966,Actor in a Supporting Role,,Robert Shaw,A Man for All Seasons,0
1966,Actress,,Anouk Aimee,A Man and a Woman,0
1966,Actress,,Ida Kaminska,The Shop on Main Street,0
1966,Actress,,Lynn Redgrave,Georgy Girl,0
1966,Actress,,Vanessa Redgrave,Morgan!,0
1966,Actress,1,Elizabeth Taylor,Who's Afraid of Virginia Woolf?,0
1966,Actress in a Supporting Role,1,Sandy Dennis,Who's Afraid of Virginia Woolf?,0
1966,Actress in a Supporting Role,,Wendy Hiller,A Man for All Seasons,0
1966,Actress in a Supporting Role,,Jocelyne Lagarde,Hawaii,1
1966,Actress in a Supporting Role,,Vivien Merchant,Alfie,0
1966,Actress in a Supporting Role,,Geraldine Page,You're a Big Boy Now,0
1967,Actor,,Warren Beatty,Bonnie and Clyde,0
1967,Actor,,Dustin Hoffman,The Graduate,0
1967,Actor,,Paul Newman,Cool Hand Luke,0
1967,Actor,1,Rod Steiger,In the Heat of the Night,0
1967,Actor,,Spencer Tracy,Guess Who's Coming to Dinner,0
1967,Actor in a Supporting Role,,John Cassavetes,The Dirty Dozen,0
1967,Actor in a Supporting Role,,Gene Hackman,Bonnie and Clyde,0
1967,Actor in a Supporting Role,,Cecil Kellaway,Guess Who's Coming to Dinner,0
1967,Actor in a Supporting Role,1,George Kennedy,Cool Hand Luke,0
1967,Actor in a Supporting Role,,Michael J. Pollard,Bonnie and Clyde,0
1967,Actress,,Anne Bancroft,The Graduate,0
1967,Actress,,Faye Dunaway,Bonnie and Clyde,0
1967,Actress,,Dame Edith Evans,The Whisperers,0
1967,Actress,,Audrey Hepburn,Wait until Dark,0
1967,Actress,1,Katharine Hepburn,Guess Who's Coming to Dinner,0
1967,Actress in a Supporting Role,,Carol Channing,Thoroughly Modern Millie,1
1967,Actress in a Supporting Role,,Mildred Natwick,Barefoot in the Park,0
1967,Actress in a Supporting Role,1,Estelle Parsons,Bonnie and Clyde,0
1967,Actress in a Supporting Role,,Beah Richards,Guess Who's Coming to Dinner,1
1967,Actress in a Supporting Role,,Katharine Ross,The Graduate,0
1968,Actor,,Alan Arkin,The Heart Is a Lonely Hunter,0
1968,Actor,,Alan Bates,The Fixer,0
1968,Actor,,Ron Moody,Oliver!,0
1968,Actor,,Peter O'Toole,The Lion in Winter,0
1968,Actor,1,Cliff Robertson,Charly,0
1968,Actor in a Supporting Role,1,Jack Albertson,The Subject Was Roses,0
1968,Actor in a Supporting Role,,Seymour Cassel,Faces,0
1968,Actor in a Supporting Role,,Daniel Massey,Star!,0
1968,Actor in a Supporting Role,,Jack Wild,Oliver!,0
1968,Actor in a Supporting Role,,Gene Wilder,The Producers,0
1968,Actress,1,Katharine Hepburn,The Lion in Winter,0
1968,Actress,,Patricia Neal,The Subject Was Roses,0
1968,Actress,,Vanessa Redgrave,Isadora,0
1968,Actress,1,Barbra Streisand,Funny Girl,0
1968,Actress,,Joanne Woodward,"Rachel, Rachel",0
1968,Actress in a Supporting Role,,Lynn Carlin,Faces,0
1968,Actress in a Supporting Role,1,Ruth Gordon,Rosemary's Baby,0
1968,Actress in a Supporting Role,,Sondra Locke,The Heart Is a Lonely Hunter,0
1968,Actress in a Supporting Role,,Kay Medford,Funny Girl,0
1968,Actress in a Supporting Role,,Estelle Parsons,"Rachel, Rachel",0
1969,Actor,,Richard Burton,Anne of the Thousand Days,0
1969,Actor,,Dustin Hoffman,Midnight Cowboy,0
1969,Actor,,Peter O'Toole,"Goodbye, Mr. Chips",0
1969,Actor,,Jon Voight,Midnight Cowboy,0
1969,Actor,1,John Wayne,True Grit,0
1969,Actor in a Supporting Role,,Rupert Crosse,The Reivers,1
1969,Actor in a Supporting Role,,Elliott Gould,Bob & Carol & Ted & Alice,0
1969,Actor in a Supporting Role,,Jack Nicholson,Easy Rider,0
1969,Actor in a Supporting Role,,Anthony Quayle,Anne of the Thousand Days,0
1969,Actor in a Supporting Role,1,Gig Young,"They Shoot Horses, Don't They?",0
1969,Actress,,Genevieve Bujold,Anne of the Thousand Days,0
1969,Actress,,Jane Fonda,"They Shoot Horses, Don't They?",0
1969,Actress,,Liza Minnelli,The Sterile Cuckoo,0
1969,Actress,,Jean Simmons,The Happy Ending,0
1969,Actress,1,Maggie Smith,The Prime of Miss Jean Brodie,0
1969,Actress in a Supporting Role,,Catherine Burns,Last Summer,0
1969,Actress in a Supporting Role,,Dyan Cannon,Bob & Carol & Ted & Alice,0
1969,Actress in a Supporting Role,1,Goldie Hawn,Cactus Flower,0
1969,Actress in a Supporting Role,,Sylvia Miles,Midnight Cowboy,0
1969,Actress in a Supporting Role,,Susannah York,"They Shoot Horses, Don't They?",0
1970,Actor,,Melvyn Douglas,I Never Sang for My Father,0
1970,Actor,,James Earl Jones,The Great White Hope,1
1970,Actor,,Jack Nicholson,Five Easy Pieces,0
1970,Actor,,Ryan O'Neal,Love Story,0
1970,Actor,1,George C. Scott,Patton,0
1970,Actor in a Supporting Role,,Richard Castellano,Lovers and Other Strangers,0
1970,Actor in a Supporting Role,,Chief Dan George,Little Big Man,1
1970,Actor in a Supporting Role,,Gene Hackman,I Never Sang for My Father,0
1970,Actor in a Supporting Role,,John Marley,Love Story,0
1970,Actor in a Supporting Role,1,John Mills,Ryan's Daughter,0
1970,Actress,,Jane Alexander,The Great White Hope,0
1970,Actress,1,Glenda Jackson,Women in Love,0
1970,Actress,,Ali MacGraw,Love Story,0
1970,Actress,,Sarah Miles,Ryan's Daughter,0
1970,Actress,,Carrie Snodgress,Diary of a Mad Housewife,0
1970,Actress in a Supporting Role,,Karen Black,Five Easy Pieces,0
1970,Actress in a Supporting Role,,Lee Grant,The Landlord,0
1970,Actress in a Supporting Role,1,Helen Hayes,Airport,0
1970,Actress in a Supporting Role,1,Sally Kellerman,MA*S*H,0
1970,Actress in a Supporting Role,,Maureen Stapleton,Airport,0
1971,Actor,,Peter Finch,Sunday Bloody Sunday,0
1971,Actor,1,Gene Hackman,The French Connection,0
1971,Actor,,Walter Matthau,Kotch,0
1971,Actor,,George C. Scott,The Hospital,0
1971,Actor,,Topol,Fiddler on the Roof,0
1971,Actor in a Supporting Role,,Jeff Bridges,The Last Picture Show,0
1971,Actor in a Supporting Role,,Leonard Frey,Fiddler on the Roof,0
1971,Actor in a Supporting Role,,Richard Jaeckel,Sometimes a Great Notion,0
1971,Actor in a Supporting Role,1,Ben Johnson,The Last Picture Show,0
1971,Actor in a Supporting Role,,Roy Scheider,The French Connection,0
1971,Actress,,Julie Christie,McCabe & Mrs. Miller,0
1971,Actress,1,Jane Fonda,Klute,0
1971,Actress,,Glenda Jackson,Sunday Bloody Sunday,0
1971,Actress,,Vanessa Redgrave,"Mary, Queen of Scots",0
1971,Actress,,Janet Suzman,Nicholas and Alexandra,0
1971,Actress in a Supporting Role,,Ann-Margret,Carnal Knowledge,0
1971,Actress in a Supporting Role,,Ellen Burstyn,The Last Picture Show,0
1971,Actress in a Supporting Role,,Barbara Harris,Who Is Harry Kellerman and Why Is He Saying Those Terrible Things about Me?,0
1971,Actress in a Supporting Role,1,Cloris Leachman,The Last Picture Show,0
1971,Actress in a Supporting Role,,Margaret Leighton,The Go-Between,0
1972,Actor,1,Marlon Brando,The Godfather,0
1972,Actor,,Michael Caine,Sleuth,0
1972,Actor,,Laurence Olivier,Sleuth,0
1972,Actor,,Peter O'Toole,The Ruling Class,0
1972,Actor,,Paul Winfield,Sounder,1
1972,Actor in a Supporting Role,,Eddie Albert,The Heartbreak Kid,0
1972,Actor in a Supporting Role,,James Caan,The Godfather,0
1972,Actor in a Supporting Role,,Robert Duvall,The Godfather,0
1972,Actor in a Supporting Role,1,Joel Grey,Cabaret,0
1972,Actor in a Supporting Role,,Al Pacino,The Godfather,0
1972,Actress,1,Liza Minnelli,Cabaret,0
1972,Actress,,Diana Ross,Lady Sings the Blues,1
1972,Actress,,Maggie Smith,Travels with My Aunt,0
1972,Actress,,Cicely Tyson,Sounder,1
1972,Actress,,Liv Ullmann,The Emigrants,0
1972,Actress in a Supporting Role,,Jeannie Berlin,The Heartbreak Kid,0
1972,Actress in a Supporting Role,1,Eileen Heckart,Butterflies Are Free,0
1972,Actress in a Supporting Role,,Geraldine Page,Pete 'n' Tillie,0
1972,Actress in a Supporting Role,,Susan Tyrrell,Fat City,0
1972,Actress in a Supporting Role,,Shelley Winters,The Poseidon Adventure,0
1973,Actor,,Marlon Brando,Last Tango in Paris,0
1973,Actor,1,Jack Lemmon,Save the Tiger,0
1973,Actor,,Jack Nicholson,The Last Detail,0
1973,Actor,,Al Pacino,Serpico,0
1973,Actor,,Robert Redford,The Sting,0
1973,Actor in a Supporting Role,,Vincent Gardenia,Bang the Drum Slowly,0
1973,Actor in a Supporting Role,,Jack Gilford,Save the Tiger,0
1973,Actor in a Supporting Role,1,John Houseman,The Paper Chase,0
1973,Actor in a Supporting Role,,Jason Miller,The Exorcist,0
1973,Actor in a Supporting Role,,Randy Quaid,The Last Detail,0
1973,Actress,,Ellen Burstyn,The Exorcist,0
1973,Actress,1,Glenda Jackson,A Touch of Class,0
1973,Actress,,Marsha Mason,Cinderella Liberty,0
1973,Actress,,Barbra Streisand,The Way We Were,0
1973,Actress,,Joanne Woodward,"Summer Wishes, Winter Dreams",0
1973,Actress in a Supporting Role,,Linda Blair,The Exorcist,0
1973,Actress in a Supporting Role,,Candy Clark,American Graffiti,0
1973,Actress in a Supporting Role,,Madeline Kahn,Paper Moon,0
1973,Actress in a Supporting Role,1,Tatum O'Neal,Paper Moon,0
1973,Actress in a Supporting Role,,Sylvia Sidney,"Summer Wishes, Winter Dreams",0
1974,Actor,1,Art Carney,Harry and Tonto,0
1974,Actor,,Albert Finney,Murder on the Orient Express,0
1974,Actor,,Dustin Hoffman,Lenny,0
1974,Actor,,Jack Nicholson,Chinatown,0
1974,Actor,,Al Pacino,The Godfather Part II,0
1974,Actor in a Supporting Role,,Fred Astaire,The Towering Inferno,0
1974,Actor in a Supporting Role,,Jeff Bridges,Thunderbolt and Lightfoot,0
1974,Actor in a Supporting Role,1,Robert De Niro,The Godfather Part II,0
1974,Actor in a Supporting Role,,Michael V. Gazzo,The Godfather Part II,0
1974,Actor in a Supporting Role,,Lee Strasberg,The Godfather Part II,0
1974,Actress,1,Ellen Burstyn,Alice Doesn't Live Here Anymore,0
1974,Actress,,Diahann Carroll,Claudine,1
1974,Actress,,Faye Dunaway,Chinatown,0
1974,Actress,,Valerie Perrine,Lenny,0
1974,Actress,,Gena Rowlands,A Woman under the Influence,0
1974,Actress in a Supporting Role,1,Ingrid Bergman,Murder on the Orient Express,0
1974,Actress in a Supporting Role,,Valentina Cortese,Day for Night,0
1974,Actress in a Supporting Role,,Madeline Kahn,Blazing Saddles,0
1974,Actress in a Supporting Role,,Diane Ladd,Alice Doesn't Live Here Anymore,0
1974,Actress in a Supporting Role,,Talia Shire,The Godfather Part II,0
1975,Actor,,Walter Matthau,The Sunshine Boys,0
1975,Actor,1,Jack Nicholson,One Flew over the Cuckoo's Nest,0
1975,Actor,,Al Pacino,Dog Day Afternoon,0
1975,Actor,,Maximilian Schell,The Man in the Glass Booth,0
1975,Actor,,James Whitmore,"Give 'em Hell, Harry!",0
1975,Actor in a Supporting Role,1,George Burns,The Sunshine Boys,0
1975,Actor in a Supporting Role,,Brad Dourif,One Flew over the Cuckoo's Nest,0
1975,Actor in a Supporting Role,,Burgess Meredith,The Day of the Locust,0
1975,Actor in a Supporting Role,,Chris Sarandon,Dog Day Afternoon,0
1975,Actor in a Supporting Role,,Jack Warden,Shampoo,0
1975,Actress,,Isabelle Adjani,The Story of Adele H.,1
1975,Actress,,Ann-Margret,Tommy,0
1975,Actress,1,Louise Fletcher,One Flew over the Cuckoo's Nest,0
1975,Actress,,Glenda Jackson,Hedda,0
1975,Actress,,Carol Kane,Hester Street,0
1975,Actress in a Supporting Role,,Ronee Blakley,Nashville,0
1975,Actress in a Supporting Role,1,Lee Grant,Shampoo,0
1975,Actress in a Supporting Role,,Sylvia Miles,"Farewell, My Lovely",0
1975,Actress in a Supporting Role,,Lily Tomlin,Nashville,0
1975,Actress in a Supporting Role,,Brenda Vaccaro,Jacqueline Susann's Once Is Not Enough,0
1976,Actor in a Leading Role,,Robert De Niro,Taxi Driver,0
1976,Actor in a Leading Role,1,Peter Finch,Network,0
1976,Actor in a Leading Role,,Giancarlo Giannini,Seven Beauties,0
1976,Actor in a Leading Role,,William Holden,Network,0
1976,Actor in a Leading Role,,Sylvester Stallone,Rocky,0
1976,Actor in a Supporting Role,,Ned Beatty,Network,0
1976,Actor in a Supporting Role,,Burgess Meredith,Rocky,0
1976,Actor in a Supporting Role,,Laurence Olivier,Marathon Man,0
1976,Actor in a Supporting Role,1,Jason Robards,All the President's Men,0
1976,Actor in a Supporting Role,,Burt Young,Rocky,0
1976,Actress in a Leading Role,,Marie-Christine Barrault,"Cousin, Cousine",0
1976,Actress in a Leading Role,1,Faye Dunaway,Network,0
1976,Actress in a Leading Role,,Talia Shire,Rocky,0
1976,Actress in a Leading Role,,Sissy Spacek,Carrie,0
1976,Actress in a Leading Role,,Liv Ullmann,Face to Face,0
1976,Actress in a Supporting Role,,Jane Alexander,All the President's Men,0
1976,Actress in a Supporting Role,,Jodie Foster,Taxi Driver,0
1976,Actress in a Supporting Role,,Lee Grant,Voyage of the Damned,0
1976,Actress in a Supporting Role,,Piper Laurie,Carrie,0
1976,Actress in a Supporting Role,1,Beatrice Straight,Network,0
1977,Actor in a Leading Role,,Woody Allen,Annie Hall,0
1977,Actor in a Leading Role,,Richard Burton,Equus,0
1977,Actor in a Leading Role,1,Richard Dreyfuss,The Goodbye Girl,0
1977,Actor in a Leading Role,,Marcello Mastroianni,A Special Day,0
1977,Actor in a Leading Role,,John Travolta,Saturday Night Fever,0
1977,Actor in a Supporting Role,,Mikhail Baryshnikov,The Turning Point,0
1977,Actor in a Supporting Role,,Peter Firth,Equus,0
1977,Actor in a Supporting Role,,Alec Guinness,Star Wars,0
1977,Actor in a Supporting Role,1,Jason Robards,Julia,0
1977,Actor in a Supporting Role,,Maximilian Schell,Julia,0
1977,Actress in a Leading Role,,Anne Bancroft,The Turning Point,0
1977,Actress in a Leading Role,,Jane Fonda,Julia,0
1977,Actress in a Leading Role,1,Diane Keaton,Annie Hall,0
1977,Actress in a Leading Role,,Shirley MacLaine,The Turning Point,0
1977,Actress in a Leading Role,,Marsha Mason,The Goodbye Girl,0
1977,Actress in a Supporting Role,,Leslie Browne,The Turning Point,0
1977,Actress in a Supporting Role,,Quinn Cummings,The Goodbye Girl,0
1977,Actress in a Supporting Role,,Melinda Dillon,Close Encounters of the Third Kind,0
1977,Actress in a Supporting Role,1,Vanessa Redgrave,Julia,0
1977,Actress in a Supporting Role,,Tuesday Weld,Looking for Mr. Goodbar,0
1978,Actor in a Leading Role,,Warren Beatty,Heaven Can Wait,0
1978,Actor in a Leading Role,,Gary Busey,The Buddy Holly Story,0
1978,Actor in a Leading Role,,Robert De Niro,The Deer Hunter,0
1978,Actor in a Leading Role,,Laurence Olivier,The Boys from Brazil,0
1978,Actor in a Leading Role,1,Jon Voight,Coming Home,0
1978,Actor in a Supporting Role,,Bruce Dern,Coming Home,0
1978,Actor in a Supporting Role,,Richard Farnsworth,Comes a Horseman,0
1978,Actor in a Supporting Role,,John Hurt,Midnight Express,0
1978,Actor in a Supporting Role,1,Christopher Walken,The Deer Hunter,0
1978,Actor in a Supporting Role,,Jack Warden,Heaven Can Wait,0
1978,Actress in a Leading Role,,Ingrid Bergman,Autumn Sonata,0
1978,Actress in a Leading Role,,Ellen Burstyn,"Same Time, Next Year",0
1978,Actress in a Leading Role,,Jill Clayburgh,An Unmarried Woman,0
1978,Actress in a Leading Role,1,Jane Fonda,Coming Home,0
1978,Actress in a Leading Role,,Geraldine Page,Interiors,0
1978,Actress in a Supporting Role,,Dyan Cannon,Heaven Can Wait,0
1978,Actress in a Supporting Role,,Penelope Milford,Coming Home,0
1978,Actress in a Supporting Role,1,Maggie Smith,California Suite,0
1978,Actress in a Supporting Role,,Maureen Stapleton,Interiors,0
1978,Actress in a Supporting Role,,Meryl Streep,The Deer Hunter,0
1979,Actor in a Leading Role,1,Dustin Hoffman,Kramer vs. Kramer,0
1979,Actor in a Leading Role,,Jack Lemmon,The China Syndrome,0
1979,Actor in a Leading Role,,Al Pacino,...And Justice for All,0
1979,Actor in a Leading Role,,Roy Scheider,All That Jazz,0
1979,Actor in a Leading Role,,Peter Sellers,Being There,0
1979,Actor in a Supporting Role,1,Melvyn Douglas,Being There,0
1979,Actor in a Supporting Role,,Robert Duvall,Apocalypse Now,0
1979,Actor in a Supporting Role,,Frederic Forrest,The Rose,0
1979,Actor in a Supporting Role,,Justin Henry,Kramer vs. Kramer,0
1979,Actor in a Supporting Role,,Mickey Rooney,The Black Stallion,0
1979,Actress in a Leading Role,,Jill Clayburgh,Starting Over,0
1979,Actress in a Leading Role,1,Sally Field,Norma Rae,0
1979,Actress in a Leading Role,,Jane Fonda,The China Syndrome,0
1979,Actress in a Leading Role,,Marsha Mason,Chapter Two,0
1979,Actress in a Leading Role,,Bette Midler,The Rose,0
1979,Actress in a Supporting Role,,Jane Alexander,Kramer vs. Kramer,0
1979,Actress in a Supporting Role,,Barbara Barrie,Breaking Away,0
1979,Actress in a Supporting Role,,Candice Bergen,Starting Over,0
1979,Actress in a Supporting Role,,Mariel Hemingway,Manhattan,0
1979,Actress in a Supporting Role,1,Meryl Streep,Kramer vs. Kramer,0
1980,Actor in a Leading Role,1,Robert De Niro,Raging Bull,0
1980,Actor in a Leading Role,,Robert Duvall,The Great Santini,0
1980,Actor in a Leading Role,,John Hurt,The Elephant Man,0
1980,Actor in a Leading Role,,Jack Lemmon,Tribute,0
1980,Actor in a Leading Role,,Peter O'Toole,The Stunt Man,0
1980,Actor in a Supporting Role,,Judd Hirsch,Ordinary People,0
1980,Actor in a Supporting Role,1,Timothy Hutton,Ordinary People,0
1980,Actor in a Supporting Role,,Michael O'Keefe,The Great Santini,0
1980,Actor in a Supporting Role,,Joe Pesci,Raging Bull,0
1980,Actor in a Supporting Role,,Jason Robards,Melvin and Howard,0
1980,Actress in a Leading Role,,Ellen Burstyn,Resurrection,0
1980,Actress in a Leading Role,,Goldie Hawn,Private Benjamin,0
1980,Actress in a Leading Role,,Mary Tyler Moore,Ordinary People,0
1980,Actress in a Leading Role,,Gena Rowlands,Gloria,0
1980,Actress in a Leading Role,1,Sissy Spacek,Coal Miner's Daughter,0
1980,Actress in a Supporting Role,,Eileen Brennan,Private Benjamin,0
1980,Actress in a Supporting Role,,Eva Le Gallienne,Resurrection,0
1980,Actress in a Supporting Role,,Cathy Moriarty,Raging Bull,0
1980,Actress in a Supporting Role,,Diana Scarwid,Inside Moves,0
1980,Actress in a Supporting Role,1,Mary Steenburgen,Melvin and Howard,0
1981,Actor in a Leading Role,,Warren Beatty,Reds,0
1981,Actor in a Leading Role,1,Henry Fonda,On Golden Pond,0
1981,Actor in a Leading Role,,Burt Lancaster,Atlantic City,0
1981,Actor in a Leading Role,,Dudley Moore,Arthur,0
1981,Actor in a Leading Role,,Paul Newman,Absence of Malice,0
1981,Actor in a Supporting Role,,James Coco,Only When I Laugh,0
1981,Actor in a Supporting Role,1,John Gielgud,Arthur,0
1981,Actor in a Supporting Role,,Ian Holm,Chariots of Fire,0
1981,Actor in a Supporting Role,,Jack Nicholson,Reds,0
1981,Actor in a Supporting Role,,"Howard E. Rollins, Jr.",Ragtime,1
1981,Actress in a Leading Role,1,Katharine Hepburn,On Golden Pond,0
1981,Actress in a Leading Role,,Diane Keaton,Reds,0
1981,Actress in a Leading Role,,Marsha Mason,Only When I Laugh,0
1981,Actress in a Leading Role,,Susan Sarandon,Atlantic City,0
1981,Actress in a Leading Role,,Meryl Streep,The French Lieutenant's Woman,0
1981,Actress in a Supporting Role,,Melinda Dillon,Absence of Malice,0
1981,Actress in a Supporting Role,,Jane Fonda,On Golden Pond,0
1981,Actress in a Supporting Role,,Joan Hackett,Only When I Laugh,0
1981,Actress in a Supporting Role,,Elizabeth McGovern,Ragtime,0
1981,Actress in a Supporting Role,1,Maureen Stapleton,Reds,0
1982,Actor in a Leading Role,,Dustin Hoffman,Tootsie,0
1982,Actor in a Leading Role,1,Ben Kingsley,Gandhi,1
1982,Actor in a Leading Role,,Jack Lemmon,Missing,0
1982,Actor in a Leading Role,,Paul Newman,The Verdict,0
1982,Actor in a Leading Role,,Peter O'Toole,My Favorite Year,0
1982,Actor in a Supporting Role,,Charles Durning,The Best Little Whorehouse in Texas,0
1982,Actor in a Supporting Role,1,"Louis Gossett, Jr.",An Officer and a Gentleman,1
1982,Actor in a Supporting Role,,John Lithgow,The World According to Garp,0
1982,Actor in a Supporting Role,,James Mason,The Verdict,0
1982,Actor in a Supporting Role,,Robert Preston,Victor/Victoria,0
1982,Actress in a Leading Role,,Julie Andrews,Victor/Victoria,0
1982,Actress in a Leading Role,,Jessica Lange,Frances,0
1982,Actress in a Leading Role,,Sissy Spacek,Missing,0
1982,Actress in a Leading Role,1,Meryl Streep,Sophie's Choice,0
1982,Actress in a Leading Role,,Debra Winger,An Officer and a Gentleman,0
1982,Actress in a Supporting Role,,Glenn Close,The World According to Garp,0
1982,Actress in a Supporting Role,,Teri Garr,Tootsie,0
1982,Actress in a Supporting Role,1,Jessica Lange,Tootsie,0
1982,Actress in a Supporting Role,,Kim Stanley,Frances,0
1982,Actress in a Supporting Role,,Lesley Ann Warren,Victor/Victoria,0
1983,Actor in a Leading Role,,Michael Caine,Educating Rita,0
1983,Actor in a Leading Role,,Tom Conti,"Reuben, Reuben",0
1983,Actor in a Leading Role,,Tom Courtenay,The Dresser,0
1983,Actor in a Leading Role,1,Robert Duvall,Tender Mercies,0
1983,Actor in a Leading Role,,Albert Finney,The Dresser,0
1983,Actor in a Supporting Role,,Charles Durning,To Be or Not to Be,0
1983,Actor in a Supporting Role,,John Lithgow,Terms of Endearment,0
1983,Actor in a Supporting Role,1,Jack Nicholson,Terms of Endearment,0
1983,Actor in a Supporting Role,,Sam Shepard,The Right Stuff,0
1983,Actor in a Supporting Role,,Rip Torn,Cross Creek,0
1983,Actress in a Leading Role,,Jane Alexander,Testament,0
1983,Actress in a Leading Role,1,Shirley MacLaine,Terms of Endearment,0
1983,Actress in a Leading Role,,Meryl Streep,Silkwood,0
1983,Actress in a Leading Role,,Julie Walters,Educating Rita,0
1983,Actress in a Leading Role,,Debra Winger,Terms of Endearment,0
1983,Actress in a Supporting Role,,Cher,Silkwood,0
1983,Actress in a Supporting Role,,Glenn Close,The Big Chill,0
1983,Actress in a Supporting Role,1,Linda Hunt,The Year of Living Dangerously,0
1983,Actress in a Supporting Role,,Amy Irving,Yentl,0
1983,Actress in a Supporting Role,,Alfre Woodard,Cross Creek,1
1984,Actor in a Leading Role,1,F. Murray Abraham,Amadeus,0
1984,Actor in a Leading Role,,Jeff Bridges,Starman,0
1984,Actor in a Leading Role,,Albert Finney,Under the Volcano,0
1984,Actor in a Leading Role,,Tom Hulce,Amadeus,0
1984,Actor in a Leading Role,,Sam Waterston,The Killing Fields,0
1984,Actor in a Supporting Role,,Adolph Caesar,A Soldier's Story,1
1984,Actor in a Supporting Role,,John Malkovich,Places in the Heart,0
1984,Actor in a Supporting Role,,Noriyuki 'Pat' Morita,The Karate Kid,1
1984,Actor in a Supporting Role,1,Haing S. Ngor,The Killing Fields,1
1984,Actor in a Supporting Role,,Ralph Richardson,"Greystoke: The Legend of Tarzan, Lord of the Apes",0
1984,Actress in a Leading Role,,Judy Davis,A Passage to India,0
1984,Actress in a Leading Role,1,Sally Field,Places in the Heart,0
1984,Actress in a Leading Role,,Jessica Lange,Country,0
1984,Actress in a Leading Role,,Vanessa Redgrave,The Bostonians,0
1984,Actress in a Leading Role,,Sissy Spacek,The River,0
1984,Actress in a Supporting Role,1,Peggy Ashcroft,A Passage to India,0
1984,Actress in a Supporting Role,,Glenn Close,The Natural,0
1984,Actress in a Supporting Role,,Lindsay Crouse,Places in the Heart,0
1984,Actress in a Supporting Role,,Christine Lahti,Swing Shift,0
1984,Actress in a Supporting Role,,Geraldine Page,The Pope of Greenwich Village,0
1985,Actor in a Leading Role,,Harrison Ford,Witness,0
1985,Actor in a Leading Role,,James Garner,Murphy's Romance,0
1985,Actor in a Leading Role,1,William Hurt,Kiss of the Spider Woman,0
1985,Actor in a Leading Role,,Jack Nicholson,Prizzi's Honor,0
1985,Actor in a Leading Role,,Jon Voight,Runaway Train,0
1985,Actor in a Supporting Role,1,Don Ameche,Cocoon,0
1985,Actor in a Supporting Role,,Klaus Maria Brandauer,Out of Africa,0
1985,Actor in a Supporting Role,,William Hickey,Prizzi's Honor,0
1985,Actor in a Supporting Role,,Robert Loggia,Jagged Edge,0
1985,Actor in a Supporting Role,,Eric Roberts,Runaway Train,0
1985,Actress in a Leading Role,,Anne Bancroft,Agnes of God,0
1985,Actress in a Leading Role,,Whoopi Goldberg,The Color Purple,1
1985,Actress in a Leading Role,,Jessica Lange,Sweet Dreams,0
1985,Actress in a Leading Role,1,Geraldine Page,The Trip to Bountiful,0
1985,Actress in a Leading Role,,Meryl Streep,Out of Africa,0
1985,Actress in a Supporting Role,,Margaret Avery,The Color Purple,1
1985,Actress in a Supporting Role,1,Anjelica Huston,Prizzi's Honor,0
1985,Actress in a Supporting Role,,Amy Madigan,Twice in a Lifetime,0
1985,Actress in a Supporting Role,,Meg Tilly,Agnes of God,1
1985,Actress in a Supporting Role,,Oprah Winfrey,The Color Purple,1
1986,Actor in a Leading Role,,Dexter Gordon,'Round Midnight,1
1986,Actor in a Leading Role,,Bob Hoskins,Mona Lisa,0
1986,Actor in a Leading Role,,William Hurt,Children of a Lesser God,0
1986,Actor in a Leading Role,1,Paul Newman,The Color of Money,0
1986,Actor in a Leading Role,,James Woods,Salvador,0
1986,Actor in a Supporting Role,,Tom Berenger,Platoon,0
1986,Actor in a Supporting Role,1,Michael Caine,Hannah and Her Sisters,0
1986,Actor in a Supporting Role,,Willem Dafoe,Platoon,0
1986,Actor in a Supporting Role,,Denholm Elliott,A Room with a View,0
1986,Actor in a Supporting Role,,Dennis Hopper,Hoosiers,0
1986,Actress in a Leading Role,,Jane Fonda,The Morning After,0
1986,Actress in a Leading Role,1,Marlee Matlin,Children of a Lesser God,0
1986,Actress in a Leading Role,,Sissy Spacek,Crimes of the Heart,0
1986,Actress in a Leading Role,,Kathleen Turner,Peggy Sue Got Married,0
1986,Actress in a Leading Role,,Sigourney Weaver,Aliens,0
1986,Actress in a Supporting Role,,Tess Harper,Crimes of the Heart,0
1986,Actress in a Supporting Role,,Piper Laurie,Children of a Lesser God,0
1986,Actress in a Supporting Role,,Mary Elizabeth Mastrantonio,The Color of Money,0
1986,Actress in a Supporting Role,,Maggie Smith,A Room with a View,0
1986,Actress in a Supporting Role,1,Dianne Wiest,Hannah and Her Sisters,0
1987,Actor in a Leading Role,1,Michael Douglas,Wall Street,0
1987,Actor in a Leading Role,,William Hurt,Broadcast News,0
1987,Actor in a Leading Role,,Marcello Mastroianni,Dark Eyes,0
1987,Actor in a Leading Role,,Jack Nicholson,Ironweed,0
1987,Actor in a Leading Role,,Robin Williams,"Good Morning, Vietnam",0
1987,Actor in a Supporting Role,,Albert Brooks,Broadcast News,0
1987,Actor in a Supporting Role,1,Sean Connery,The Untouchables,0
1987,Actor in a Supporting Role,,Morgan Freeman,Street Smart,1
1987,Actor in a Supporting Role,,Vincent Gardenia,Moonstruck,0
1987,Actor in a Supporting Role,,Denzel Washington,Cry Freedom,1
1987,Actress in a Leading Role,1,Cher,Moonstruck,0
1987,Actress in a Leading Role,,Glenn Close,Fatal Attraction,0
1987,Actress in a Leading Role,,Holly Hunter,Broadcast News,0
1987,Actress in a Leading Role,,Sally Kirkland,Anna,0
1987,Actress in a Leading Role,,Meryl Streep,Ironweed,0
1987,Actress in a Supporting Role,,Norma Aleandro,Gaby - A True Story,1
1987,Actress in a Supporting Role,,Anne Archer,Fatal Attraction,0
1987,Actress in a Supporting Role,1,Olympia Dukakis,Moonstruck,0
1987,Actress in a Supporting Role,,Anne Ramsey,Throw Momma from the Train,0
1987,Actress in a Supporting Role,,Ann Sothern,The Whales of August,0
1988,Actor in a Leading Role,,Gene Hackman,Mississippi Burning,0
1988,Actor in a Leading Role,,Tom Hanks,Big,0
1988,Actor in a Leading Role,1,Dustin Hoffman,Rain Man,0
1988,Actor in a Leading Role,,Edward James Olmos,Stand and Deliver,1
1988,Actor in a Leading Role,,Max von Sydow,Pelle the Conqueror,0
1988,Actor in a Supporting Role,,Alec Guinness,Little Dorrit,0
1988,Actor in a Supporting Role,1,Kevin Kline,A Fish Called Wanda,0
1988,Actor in a Supporting Role,,Martin Landau,Tucker The Man and His Dream,0
1988,Actor in a Supporting Role,,River Phoenix,Running on Empty,0
1988,Actor in a Supporting Role,,Dean Stockwell,Married to the Mob,0
1988,Actress in a Leading Role,,Glenn Close,Dangerous Liaisons,0
1988,Actress in a Leading Role,1,Jodie Foster,The Accused,0
1988,Actress in a Leading Role,,Melanie Griffith,Working Girl,0
1988,Actress in a Leading Role,,Meryl Streep,A Cry in the Dark,0
1988,Actress in a Leading Role,,Sigourney Weaver,Gorillas in the Mist,0
1988,Actress in a Supporting Role,,Joan Cusack,Working Girl,0
1988,Actress in a Supporting Role,1,Geena Davis,The Accidental Tourist,0
1988,Actress in a Supporting Role,,Frances McDormand,Mississippi Burning,0
1988,Actress in a Supporting Role,,Michelle Pfeiffer,Dangerous Liaisons,0
1988,Actress in a Supporting Role,,Sigourney Weaver,Working Girl,0
1989,Actor in a Leading Role,,Kenneth Branagh,Henry V,0
1989,Actor in a Leading Role,,Tom Cruise,Born on the Fourth of July,0
1989,Actor in a Leading Role,1,Daniel Day Lewis,My Left Foot,0
1989,Actor in a Leading Role,,Morgan Freeman,Driving Miss Daisy,1
1989,Actor in a Leading Role,,Robin Williams,Dead Poets Society,0
1989,Actor in a Supporting Role,,Danny Aiello,Do the Right Thing,0
1989,Actor in a Supporting Role,,Dan Aykroyd,Driving Miss Daisy,0
1989,Actor in a Supporting Role,,Marlon Brando,A Dry White Season,0
1989,Actor in a Supporting Role,,Martin Landau,Crimes and Misdemeanors,0
1989,Actor in a Supporting Role,1,Denzel Washington,Glory,1
1989,Actress in a Leading Role,,Isabelle Adjani,Camille Claudel,1
1989,Actress in a Leading Role,,Pauline Collins,Shirley Valentine,0
1989,Actress in a Leading Role,,Jessica Lange,Music Box,0
1989,Actress in a Leading Role,,Michelle Pfeiffer,The Fabulous Baker Boys,0
1989,Actress in a Leading Role,1,Jessica Tandy,Driving Miss Daisy,0
1989,Actress in a Supporting Role,1,Brenda Fricker,My Left Foot,0
1989,Actress in a Supporting Role,,Anjelica Huston,"Enemies, A Love Story",0
1989,Actress in a Supporting Role,,Lena Olin,"Enemies, A Love Story",0
1989,Actress in a Supporting Role,,Julia Roberts,Steel Magnolias,0
1989,Actress in a Supporting Role,,Dianne Wiest,Parenthood,0
1990,Actor in a Leading Role,,Kevin Costner,Dances With Wolves,0
1990,Actor in a Leading Role,,Robert De Niro,Awakenings,0
1990,Actor in a Leading Role,,Gerard Depardieu,Cyrano de Bergerac,0
1990,Actor in a Leading Role,,Richard Harris,The Field,0
1990,Actor in a Leading Role,1,Jeremy Irons,Reversal of Fortune,0
1990,Actor in a Supporting Role,,Bruce Davison,Longtime Companion,0
1990,Actor in a Supporting Role,,Andy Garcia,"The Godfather, Part III",1
1990,Actor in a Supporting Role,,Graham Greene,Dances With Wolves,0
1990,Actor in a Supporting Role,,Al Pacino,Dick Tracy,0
1990,Actor in a Supporting Role,1,Joe Pesci,Good Fellas,0
1990,Actress in a Leading Role,1,Kathy Bates,Misery,0
1990,Actress in a Leading Role,,Anjelica Huston,The Grifters,0
1990,Actress in a Leading Role,,Julia Roberts,Pretty Woman,0
1990,Actress in a Leading Role,,Meryl Streep,Postcards from the Edge,0
1990,Actress in a Leading Role,,Joanne Woodward,Mr. & Mrs. Bridge,0
1990,Actress in a Supporting Role,,Annette Bening,The Grifters,0
1990,Actress in a Supporting Role,,Lorraine Bracco,Good Fellas,0
1990,Actress in a Supporting Role,1,Whoopi Goldberg,Ghost,1
1990,Actress in a Supporting Role,,Diane Ladd,Wild at Heart,0
1990,Actress in a Supporting Role,,Mary McDonnell,Dances With Wolves,0
1991,Actor in a Leading Role,,Warren Beatty,Bugsy,0
1991,Actor in a Leading Role,,Robert De Niro,Cape Fear,0
1991,Actor in a Leading Role,1,Anthony Hopkins,The Silence of the Lambs,0
1991,Actor in a Leading Role,,Nick Nolte,The Prince of Tides,0
1991,Actor in a Leading Role,,Robin Williams,The Fisher King,0
1991,Actor in a Supporting Role,,Tommy Lee Jones,JFK,0
1991,Actor in a Supporting Role,,Harvey Keitel,Bugsy,0
1991,Actor in a Supporting Role,,Ben Kingsley,Bugsy,1
1991,Actor in a Supporting Role,,Michael Lerner,Barton Fink,0
1991,Actor in a Supporting Role,1,Jack Palance,City Slickers,0
1991,Actress in a Leading Role,,Geena Davis,Thelma & Louise,0
1991,Actress in a Leading Role,,Laura Dern,Rambling Rose,0
1991,Actress in a Leading Role,1,Jodie Foster,The Silence of the Lambs,0
1991,Actress in a Leading Role,,Bette Midler,For the Boys,0
1991,Actress in a Leading Role,,Susan Sarandon,Thelma & Louise,0
1991,Actress in a Supporting Role,,Diane Ladd,Rambling Rose,0
1991,Actress in a Supporting Role,,Juliette Lewis,Cape Fear,0
1991,Actress in a Supporting Role,,Kate Nelligan,The Prince of Tides,0
1991,Actress in a Supporting Role,1,Mercedes Ruehl,The Fisher King,0
1991,Actress in a Supporting Role,,Jessica Tandy,Fried Green Tomatoes,0
1992,Actor in a Leading Role,,Robert Downey Jr.,Chaplin,0
1992,Actor in a Leading Role,,Clint Eastwood,Unforgiven,0
1992,Actor in a Leading Role,1,Al Pacino,Scent of a Woman,0
1992,Actor in a Leading Role,,Stephen Rea,The Crying Game,0
1992,Actor in a Leading Role,,Denzel Washington,Malcolm X,1
1992,Actor in a Supporting Role,,Jaye Davidson,The Crying Game,1
1992,Actor in a Supporting Role,1,Gene Hackman,Unforgiven,0
1992,Actor in a Supporting Role,,Jack Nicholson,A Few Good Men,0
1992,Actor in a Supporting Role,,Al Pacino,Glengarry Glen Ross,0
1992,Actor in a Supporting Role,,David Paymer,Mr. Saturday Night,0
1992,Actress in a Leading Role,,Catherine Deneuve,Indochine,0
1992,Actress in a Leading Role,,Mary McDonnell,Passion Fish,0
1992,Actress in a Leading Role,,Michelle Pfeiffer,Love Field,0
1992,Actress in a Leading Role,,Susan Sarandon,Lorenzo's Oil,0
1992,Actress in a Leading Role,1,Emma Thompson,Howards End,0
1992,Actress in a Supporting Role,,Judy Davis,Husbands and Wives,0
1992,Actress in a Supporting Role,,Joan Plowright,Enchanted April,0
1992,Actress in a Supporting Role,,Vanessa Redgrave,Howards End,0
1992,Actress in a Supporting Role,,Miranda Richardson,Damage,0
1992,Actress in a Supporting Role,1,Marisa Tomei,My Cousin Vinny,0
1993,Actor in a Leading Role,,Daniel Day-Lewis,In the Name of the Father,0
1993,Actor in a Leading Role,,Laurence Fishburne,What's Love Got to Do with It,1
1993,Actor in a Leading Role,1,Tom Hanks,Philadelphia,0
1993,Actor in a Leading Role,,Anthony Hopkins,The Remains of the Day,0
1993,Actor in a Leading Role,,Liam Neeson,Schindler's List,0
1993,Actor in a Supporting Role,,Leonardo DiCaprio,What's Eating Gilbert Grape,0
1993,Actor in a Supporting Role,,Ralph Fiennes,Schindler's List,0
1993,Actor in a Supporting Role,1,Tommy Lee Jones,The Fugitive,0
1993,Actor in a Supporting Role,,John Malkovich,In the Line of Fire,0
1993,Actor in a Supporting Role,,Pete Postlethwaite,In the Name of the Father,0
1993,Actress in a Leading Role,,Angela Bassett,What's Love Got to Do with It,1
1993,Actress in a Leading Role,,Stockard Channing,Six Degrees of Separation,0
1993,Actress in a Leading Role,1,Holly Hunter,The Piano,0
1993,Actress in a Leading Role,,Emma Thompson,The Remains of the Day,0
1993,Actress in a Leading Role,,Debra Winger,Shadowlands,0
1993,Actress in a Supporting Role,,Holly Hunter,The Firm,0
1993,Actress in a Supporting Role,1,Anna Paquin,The Piano,0
1993,Actress in a Supporting Role,,Rosie Perez,Fearless,1
1993,Actress in a Supporting Role,,Winona Ryder,The Age of Innocence,0
1993,Actress in a Supporting Role,,Emma Thompson,In the Name of the Father,0
1994,Actor in a Leading Role,,Morgan Freeman,The Shawshank Redemption,1
1994,Actor in a Leading Role,1,Tom Hanks,Forrest Gump,0
1994,Actor in a Leading Role,,Nigel Hawthorne,The Madness of King George,0
1994,Actor in a Leading Role,,Paul Newman,Nobody's Fool,0
1994,Actor in a Leading Role,,John Travolta,Pulp Fiction,0
1994,Actor in a Supporting Role,,Samuel L. Jackson,Pulp Fiction,1
1994,Actor in a Supporting Role,1,Martin Landau,Ed Wood,0
1994,Actor in a Supporting Role,,Chazz Palminteri,Bullets over Broadway,0
1994,Actor in a Supporting Role,,Paul Scofield,Quiz Show,0
1994,Actor in a Supporting Role,,Gary Sinise,Forrest Gump,0
1994,Actress in a Leading Role,,Jodie Foster,Nell,0
1994,Actress in a Leading Role,1,Jessica Lange,Blue Sky,0
1994,Actress in a Leading Role,,Miranda Richardson,Tom & Viv,0
1994,Actress in a Leading Role,,Winona Ryder,Little Women,0
1994,Actress in a Leading Role,,Susan Sarandon,The Client,0
1994,Actress in a Supporting Role,,Rosemary Harris,Tom & Viv,0
1994,Actress in a Supporting Role,,Helen Mirren,The Madness of King George,0
1994,Actress in a Supporting Role,,Uma Thurman,Pulp Fiction,0
1994,Actress in a Supporting Role,,Jennifer Tilly,Bullets over Broadway,1
1994,Actress in a Supporting Role,1,Dianne Wiest,Bullets over Broadway,0
1995,Actor in a Leading Role,1,Nicolas Cage,Leaving Las Vegas,0
1995,Actor in a Leading Role,,Richard Dreyfuss,Mr. Holland's Opus,0
1995,Actor in a Leading Role,,Anthony Hopkins,Nixon,0
1995,Actor in a Leading Role,,Sean Penn,Dead Man Walking,0
1995,Actor in a Leading Role,,Massimo Troisi,The Postman (Il Postino),0
1995,Actor in a Supporting Role,,James Cromwell,Babe,0
1995,Actor in a Supporting Role,,Ed Harris,Apollo 13,0
1995,Actor in a Supporting Role,,Brad Pitt,12 Monkeys,0
1995,Actor in a Supporting Role,,Tim Roth,Rob Roy,0
1995,Actor in a Supporting Role,1,Kevin Spacey,The Usual Suspects,0
1995,Actress in a Leading Role,1,Susan Sarandon,Dead Man Walking,0
1995,Actress in a Leading Role,,Elisabeth Shue,Leaving Las Vegas,0
1995,Actress in a Leading Role,,Sharon Stone,Casino,0
1995,Actress in a Leading Role,,Meryl Streep,The Bridges of Madison County,0
1995,Actress in a Leading Role,,Emma Thompson,Sense and Sensibility,0
1995,Actress in a Supporting Role,,Joan Allen,Nixon,0
1995,Actress in a Supporting Role,,Kathleen Quinlan,Apollo 13,0
1995,Actress in a Supporting Role,1,Mira Sorvino,Mighty Aphrodite,0
1995,Actress in a Supporting Role,,Mare Winningham,Georgia,0
1995,Actress in a Supporting Role,,Kate Winslet,Sense and Sensibility,0
1996,Actor in a Leading Role,,Tom Cruise,Jerry Maguire,0
1996,Actor in a Leading Role,,Ralph Fiennes,The English Patient,0
1996,Actor in a Leading Role,,Woody Harrelson,The People vs. Larry Flynt,0
1996,Actor in a Leading Role,1,Geoffrey Rush,Shine,0
1996,Actor in a Leading Role,,Billy Bob Thornton,Sling Blade,0
1996,Actor in a Supporting Role,1,"Cuba Gooding, Jr.",Jerry Maguire,1
1996,Actor in a Supporting Role,,William H. Macy,Fargo,0
1996,Actor in a Supporting Role,,Armin Mueller-Stahl,Shine,0
1996,Actor in a Supporting Role,,Edward Norton,Primal Fear,0
1996,Actor in a Supporting Role,,James Woods,Ghosts of Mississippi,0
1996,Actress in a Leading Role,,Brenda Blethyn,Secrets & Lies,0
1996,Actress in a Leading Role,,Diane Keaton,Marvin's Room,0
1996,Actress in a Leading Role,1,Frances McDormand,Fargo,0
1996,Actress in a Leading Role,,Kristin Scott Thomas,The English Patient,0
1996,Actress in a Leading Role,,Emily Watson,Breaking the Waves,0
1996,Actress in a Supporting Role,,Joan Allen,The Crucible,0
1996,Actress in a Supporting Role,,Lauren Bacall,The Mirror Has Two Faces,0
1996,Actress in a Supporting Role,1,Juliette Binoche,The English Patient,0
1996,Actress in a Supporting Role,,Barbara Hershey,The Portrait of a Lady,0
1996,Actress in a Supporting Role,,Marianne Jean-Baptiste,Secrets & Lies,1
1997,Actor in a Leading Role,,Matt Damon,Good Will Hunting,0
1997,Actor in a Leading Role,,Robert Duvall,The Apostle,0
1997,Actor in a Leading Role,,Peter Fonda,Ulee's Gold,0
1997,Actor in a Leading Role,,Dustin Hoffman,Wag the Dog,0
1997,Actor in a Leading Role,1,Jack Nicholson,As Good as It Gets,0
1997,Actor in a Supporting Role,,Robert Forster,Jackie Brown,0
1997,Actor in a Supporting Role,,Anthony Hopkins,Amistad,0
1997,Actor in a Supporting Role,,Greg Kinnear,As Good as It Gets,0
1997,Actor in a Supporting Role,,Burt Reynolds,Boogie Nights,0
1997,Actor in a Supporting Role,1,Robin Williams,Good Will Hunting,0
1997,Actress in a Leading Role,,Helena Bonham Carter,The Wings of the Dove,0
1997,Actress in a Leading Role,,Julie Christie,Afterglow,0
1997,Actress in a Leading Role,,Judi Dench,Mrs. Brown,0
1997,Actress in a Leading Role,1,Helen Hunt,As Good as It Gets,0
1997,Actress in a Leading Role,,Kate Winslet,Titanic,0
1997,Actress in a Supporting Role,1,Kim Basinger,L.A. Confidential,0
1997,Actress in a Supporting Role,,Joan Cusack,In & Out,0
1997,Actress in a Supporting Role,,Minnie Driver,Good Will Hunting,0
1997,Actress in a Supporting Role,,Julianne Moore,Boogie Nights,0
1997,Actress in a Supporting Role,,Gloria Stuart,Titanic,0
1998,Actor in a Leading Role,1,Roberto Benigni,Life Is Beautiful,0
1998,Actor in a Leading Role,,Tom Hanks,Saving Private Ryan,0
1998,Actor in a Leading Role,,Ian McKellen,Gods and Monsters,0
1998,Actor in a Leading Role,,Nick Nolte,Affliction,0
1998,Actor in a Leading Role,,Edward Norton,American History X,0
1998,Actor in a Supporting Role,1,James Coburn,Affliction,0
1998,Actor in a Supporting Role,,Robert Duvall,A Civil Action,0
1998,Actor in a Supporting Role,,Ed Harris,The Truman Show,0
1998,Actor in a Supporting Role,,Geoffrey Rush,Shakespeare in Love,0
1998,Actor in a Supporting Role,,Billy Bob Thornton,A Simple Plan,0
1998,Actress in a Leading Role,,Cate Blanchett,Elizabeth,0
1998,Actress in a Leading Role,,Fernanda Montenegro,Central Station,1
1998,Actress in a Leading Role,1,Gwyneth Paltrow,Shakespeare in Love,0
1998,Actress in a Leading Role,,Meryl Streep,One True Thing,0
1998,Actress in a Leading Role,,Emily Watson,Hilary and Jackie,0
1998,Actress in a Supporting Role,,Kathy Bates,Primary Colors,0
1998,Actress in a Supporting Role,,Brenda Blethyn,Little Voice,0
1998,Actress in a Supporting Role,1,Judi Dench,Shakespeare in Love,0
1998,Actress in a Supporting Role,,Rachel Griffiths,Hilary and Jackie,0
1998,Actress in a Supporting Role,,Lynn Redgrave,Gods and Monsters,0
1999,Actor in a Leading Role,,Russell Crowe,The Insider,0
1999,Actor in a Leading Role,,Richard Farnsworth,The Straight Story,0
1999,Actor in a Leading Role,,Sean Penn,Sweet and Lowdown,0
1999,Actor in a Leading Role,1,Kevin Spacey,American Beauty,0
1999,Actor in a Leading Role,,Denzel Washington,The Hurricane,1
1999,Actor in a Supporting Role,1,Michael Caine,The Cider House Rules,0
1999,Actor in a Supporting Role,,Tom Cruise,Magnolia,0
1999,Actor in a Supporting Role,,Michael Clarke Duncan,The Green Mile,1
1999,Actor in a Supporting Role,,Jude Law,The Talented Mr. Ripley,0
1999,Actor in a Supporting Role,,Haley Joel Osment,The Sixth Sense,0
1999,Actress in a Leading Role,,Annette Bening,American Beauty,0
1999,Actress in a Leading Role,,Janet McTeer,Tumbleweeds,0
1999,Actress in a Leading Role,,Julianne Moore,The End of the Affair,0
1999,Actress in a Leading Role,,Meryl Streep,Music of the Heart,0
1999,Actress in a Leading Role,1,Hilary Swank,Boys Don't Cry,0
1999,Actress in a Supporting Role,,Toni Collette,The Sixth Sense,0
1999,Actress in a Supporting Role,1,Angelina Jolie,"Girl, Interrupted",0
1999,Actress in a Supporting Role,,Catherine Keener,Being John Malkovich,0
1999,Actress in a Supporting Role,,Samantha Morton,Sweet and Lowdown,0
1999,Actress in a Supporting Role,,Chloë Sevigny,Boys Don't Cry,0
2000,Actor in a Leading Role,,Javier Bardem,Before Night Falls,0
2000,Actor in a Leading Role,1,Russell Crowe,Gladiator,0
2000,Actor in a Leading Role,,Tom Hanks,Cast Away,0
2000,Actor in a Leading Role,,Ed Harris,Pollock,0
2000,Actor in a Leading Role,,Geoffrey Rush,Quills,0
2000,Actor in a Supporting Role,,Jeff Bridges,The Contender,0
2000,Actor in a Supporting Role,,Willem Dafoe,Shadow of the Vampire,0
2000,Actor in a Supporting Role,1,Benicio Del Toro,Traffic,1
2000,Actor in a Supporting Role,,Albert Finney,Erin Brockovich,0
2000,Actor in a Supporting Role,,Joaquin Phoenix,Gladiator,0
2000,Actress in a Leading Role,,Joan Allen,The Contender,0
2000,Actress in a Leading Role,,Juliette Binoche,Chocolat,0
2000,Actress in a Leading Role,,Ellen Burstyn,Requiem for a Dream,0
2000,Actress in a Leading Role,,Laura Linney,You Can Count on Me,0
2000,Actress in a Leading Role,1,Julia Roberts,Erin Brockovich,0
2000,Actress in a Supporting Role,,Judi Dench,Chocolat,0
2000,Actress in a Supporting Role,1,Marcia Gay Harden,Pollock,0
2000,Actress in a Supporting Role,,Kate Hudson,Almost Famous,0
2000,Actress in a Supporting Role,,Frances McDormand,Almost Famous,0
2000,Actress in a Supporting Role,,Julie Walters,Billy Elliot,0
2001,Actor in a Leading Role,,Russell Crowe,A Beautiful Mind,0
2001,Actor in a Leading Role,,Sean Penn,I Am Sam,0
2001,Actor in a Leading Role,,Will Smith,Ali,1
2001,Actor in a Leading Role,1,Denzel Washington,Training Day,1
2001,Actor in a Leading Role,,Tom Wilkinson,In the Bedroom,0
2001,Actor in a Supporting Role,1,Jim Broadbent,Iris,0
2001,Actor in a Supporting Role,,Ethan Hawke,Training Day,0
2001,Actor in a Supporting Role,,Ben Kingsley,Sexy Beast,1
2001,Actor in a Supporting Role,,Ian McKellen,The Lord of the Rings: The Fellowship of the Ring,0
2001,Actor in a Supporting Role,,Jon Voight,Ali,0
2001,Actress in a Leading Role,1,Halle Berry,Monster's Ball,1
2001,Actress in a Leading Role,,Judi Dench,Iris,0
2001,Actress in a Leading Role,,Nicole Kidman,Moulin Rouge,0
2001,Actress in a Leading Role,,Sissy Spacek,In the Bedroom,0
2001,Actress in a Leading Role,,Renée Zellweger,Bridget Jones's Diary,0
2001,Actress in a Supporting Role,1,Jennifer Connelly,A Beautiful Mind,0
2001,Actress in a Supporting Role,,Helen Mirren,Gosford Park,0
2001,Actress in a Supporting Role,,Maggie Smith,Gosford Park,0
2001,Actress in a Supporting Role,,Marisa Tomei,In the Bedroom,0
2001,Actress in a Supporting Role,,Kate Winslet,Iris,0
2002,Actor in a Leading Role,1,Adrien Brody,The Pianist,0
2002,Actor in a Leading Role,,Nicolas Cage,Adaptation,0
2002,Actor in a Leading Role,,Michael Caine,The Quiet American,0
2002,Actor in a Leading Role,,Daniel Day-Lewis,Gangs of New York,0
2002,Actor in a Leading Role,,Jack Nicholson,About Schmidt,0
2002,Actor in a Supporting Role,1,Chris Cooper,Adaptation,0
2002,Actor in a Supporting Role,,Ed Harris,The Hours,0
2002,Actor in a Supporting Role,,Paul Newman,Road to Perdition,0
2002,Actor in a Supporting Role,,John C. Reilly,Chicago,0
2002,Actor in a Supporting Role,,Christopher Walken,Catch Me If You Can,0
2002,Actress in a Leading Role,,Salma Hayek,Frida,1
2002,Actress in a Leading Role,1,Nicole Kidman,The Hours,0
2002,Actress in a Leading Role,,Diane Lane,Unfaithful,0
2002,Actress in a Leading Role,,Julianne Moore,Far from Heaven,0
2002,Actress in a Leading Role,,Renée Zellweger,Chicago,0
2002,Actress in a Supporting Role,,Kathy Bates,About Schmidt,0
2002,Actress in a Supporting Role,,Julianne Moore,The Hours,0
2002,Actress in a Supporting Role,,Queen Latifah,Chicago,1
2002,Actress in a Supporting Role,,Meryl Streep,Adaptation,0
2002,Actress in a Supporting Role,1,Catherine Zeta-Jones,Chicago,0
2003,Actor in a Leading Role,,Johnny Depp,Pirates of the Caribbean: The Curse of the Black Pearl,0
2003,Actor in a Leading Role,,Ben Kingsley,House of Sand and Fog,1
2003,Actor in a Leading Role,,Jude Law,Cold Mountain,0
2003,Actor in a Leading Role,,Bill Murray,Lost in Translation,0
2003,Actor in a Leading Role,1,Sean Penn,Mystic River,0
2003,Actor in a Supporting Role,,Alec Baldwin,The Cooler,0
2003,Actor in a Supporting Role,,Benicio Del Toro,21 Grams,1
2003,Actor in a Supporting Role,,Djimon Hounsou,In America,1
2003,Actor in a Supporting Role,1,Tim Robbins,Mystic River,0
2003,Actor in a Supporting Role,,Ken Watanabe,The Last Samurai,1
2003,Actress in a Leading Role,,Keisha Castle-Hughes,Whale Rider,1
2003,Actress in a Leading Role,,Diane Keaton,Something's Gotta Give,0
2003,Actress in a Leading Role,,Samantha Morton,In America,0
2003,Actress in a Leading Role,1,Charlize Theron,Monster,0
2003,Actress in a Leading Role,,Naomi Watts,21 Grams,0
2003,Actress in a Supporting Role,,Shohreh Aghdashloo,House of Sand and Fog,1
2003,Actress in a Supporting Role,,Patricia Clarkson,Pieces of April,0
2003,Actress in a Supporting Role,,Marcia Gay Harden,Mystic River,0
2003,Actress in a Supporting Role,,Holly Hunter,Thirteen,0
2003,Actress in a Supporting Role,1,Renée Zellweger,Cold Mountain,0
2004,Actor in a Leading Role,,Don Cheadle,Hotel Rwanda,1
2004,Actor in a Leading Role,,Johnny Depp,Finding Neverland,0
2004,Actor in a Leading Role,,Leonardo DiCaprio,The Aviator,0
2004,Actor in a Leading Role,,Clint Eastwood,Million Dollar Baby,0
2004,Actor in a Leading Role,1,Jamie Foxx,Ray,1
2004,Actor in a Supporting Role,,Alan Alda,The Aviator,0
2004,Actor in a Supporting Role,,Thomas Haden Church,Sideways,0
2004,Actor in a Supporting Role,,Jamie Foxx,Collateral,1
2004,Actor in a Supporting Role,1,Morgan Freeman,Million Dollar Baby,1
2004,Actor in a Supporting Role,,Clive Owen,Closer,0
2004,Actress in a Leading Role,,Annette Bening,Being Julia,0
2004,Actress in a Leading Role,,Catalina Sandino Moreno,Maria Full of Grace,1
2004,Actress in a Leading Role,,Imelda Staunton,Vera Drake,0
2004,Actress in a Leading Role,1,Hilary Swank,Million Dollar Baby,0
2004,Actress in a Leading Role,,Kate Winslet,Eternal Sunshine of the Spotless Mind,0
2004,Actress in a Supporting Role,1,Cate Blanchett,The Aviator,0
2004,Actress in a Supporting Role,,Laura Linney,Kinsey,0
2004,Actress in a Supporting Role,,Virginia Madsen,Sideways,0
2004,Actress in a Supporting Role,,Sophie Okonedo,Hotel Rwanda,1
2004,Actress in a Supporting Role,,Natalie Portman,Closer,0
2005,Actor in a Leading Role,1,Philip Seymour Hoffman,Capote,0
2005,Actor in a Leading Role,,Terrence Howard,Hustle & Flow,1
2005,Actor in a Leading Role,,Heath Ledger,Brokeback Mountain,0
2005,Actor in a Leading Role,,Joaquin Phoenix,Walk the Line,0
2005,Actor in a Leading Role,,David Strathairn,"Good Night, and Good Luck.",0
2005,Actor in a Supporting Role,1,George Clooney,Syriana,0
2005,Actor in a Supporting Role,,Matt Dillon,Crash,0
2005,Actor in a Supporting Role,,Paul Giamatti,Cinderella Man,0
2005,Actor in a Supporting Role,,Jake Gyllenhaal,Brokeback Mountain,0
2005,Actor in a Supporting Role,,William Hurt,A History of Violence,0
2005,Actress in a Leading Role,,Judi Dench,Mrs. Henderson Presents,0
2005,Actress in a Leading Role,,Felicity Huffman,Transamerica,0
2005,Actress in a Leading Role,,Keira Knightley,Pride & Prejudice,0
2005,Actress in a Leading Role,,Charlize Theron,North Country,0
2005,Actress in a Leading Role,1,Reese Witherspoon,Walk the Line,0
2005,Actress in a Supporting Role,,Amy Adams,Junebug,0
2005,Actress in a Supporting Role,,Catherine Keener,Capote,0
2005,Actress in a Supporting Role,,Frances McDormand,North Country,0
2005,Actress in a Supporting Role,1,Rachel Weisz,The Constant Gardener,0
2005,Actress in a Supporting Role,,Michelle Williams,Brokeback Mountain,0
2006,Actor in a Leading Role,,Leonardo DiCaprio,Blood Diamond,0
2006,Actor in a Leading Role,,Ryan Gosling,Half Nelson,0
2006,Actor in a Leading Role,,Peter O'Toole,Venus,0
2006,Actor in a Leading Role,,Will Smith,The Pursuit of Happyness,1
2006,Actor in a Leading Role,1,Forest Whitaker,The Last King of Scotland,1
2006,Actor in a Supporting Role,1,Alan Arkin,Little Miss Sunshine,0
2006,Actor in a Supporting Role,,Jackie Earle Haley,Little Children,0
2006,Actor in a Supporting Role,,Djimon Hounsou,Blood Diamond,1
2006,Actor in a Supporting Role,,Eddie Murphy,Dreamgirls,1
2006,Actor in a Supporting Role,,Mark Wahlberg,The Departed,0
2006,Actress in a Leading Role,,Penélope Cruz,Volver,0
2006,Actress in a Leading Role,,Judi Dench,Notes on a Scandal,0
2006,Actress in a Leading Role,1,Helen Mirren,The Queen,0
2006,Actress in a Leading Role,,Meryl Streep,The Devil Wears Prada,0
2006,Actress in a Leading Role,,Kate Winslet,Little Children,0
2006,Actress in a Supporting Role,,Adriana Barraza,Babel,1
2006,Actress in a Supporting Role,,Cate Blanchett,Notes on a Scandal,0
2006,Actress in a Supporting Role,,Abigail Breslin,Little Miss Sunshine,0
2006,Actress in a Supporting Role,1,Jennifer Hudson,Dreamgirls,1
2006,Actress in a Supporting Role,,Rinko Kikuchi,Babel,1
2007,Actor in a Leading Role,,George Clooney,Michael Clayton,0
2007,Actor in a Leading Role,1,Daniel Day-Lewis,There Will Be Blood,0
2007,Actor in a Leading Role,,Johnny Depp,Sweeney Todd The Demon Barber of Fleet Street,0
2007,Actor in a Leading Role,,Tommy Lee Jones,In the Valley of Elah,0
2007,Actor in a Leading Role,,Viggo Mortensen,Eastern Promises,0
2007,Actor in a Supporting Role,,Casey Affleck,The Assassination of Jesse James by the Coward Robert Ford,0
2007,Actor in a Supporting Role,1,Javier Bardem,No Country for Old Men,0
2007,Actor in a Supporting Role,,Philip Seymour Hoffman,Charlie Wilson's War,0
2007,Actor in a Supporting Role,,Hal Holbrook,Into the Wild,0
2007,Actor in a Supporting Role,,Tom Wilkinson,Michael Clayton,0
2007,Actress in a Leading Role,,Cate Blanchett,Elizabeth: The Golden Age,0
2007,Actress in a Leading Role,,Julie Christie,Away from Her,0
2007,Actress in a Leading Role,1,Marion Cotillard,La Vie en Rose,0
2007,Actress in a Leading Role,,Laura Linney,The Savages,0
2007,Actress in a Leading Role,,Ellen Page,Juno,0
2007,Actress in a Supporting Role,,Cate Blanchett,I'm Not There,0
2007,Actress in a Supporting Role,,Ruby Dee,American Gangster,1
2007,Actress in a Supporting Role,,Saoirse Ronan,Atonement,0
2007,Actress in a Supporting Role,,Amy Ryan,Gone Baby Gone,0
2007,Actress in a Supporting Role,1,Tilda Swinton,Michael Clayton,0
2008,Actor in a Leading Role,,Richard Jenkins,The Visitor,0
2008,Actor in a Leading Role,,Frank Langella,Frost/Nixon,0
2008,Actor in a Leading Role,1,Sean Penn,Milk,0
2008,Actor in a Leading Role,,Brad Pitt,The Curious Case of Benjamin Button,0
2008,Actor in a Leading Role,,Mickey Rourke,The Wrestler,0
2008,Actor in a Supporting Role,,Josh Brolin,Milk,0
2008,Actor in a Supporting Role,,Robert Downey Jr.,Tropic Thunder,0
2008,Actor in a Supporting Role,,Philip Seymour Hoffman,Doubt,0
2008,Actor in a Supporting Role,1,Heath Ledger,The Dark Knight,0
2008,Actor in a Supporting Role,,Michael Shannon,Revolutionary Road,0
2008,Actress in a Leading Role,,Anne Hathaway,Rachel Getting Married,0
2008,Actress in a Leading Role,,Angelina Jolie,Changeling,0
2008,Actress in a Leading Role,,Melissa Leo,Frozen River,0
2008,Actress in a Leading Role,,Meryl Streep,Doubt,0
2008,Actress in a Leading Role,1,Kate Winslet,The Reader,0
2008,Actress in a Supporting Role,,Amy Adams,Doubt,0
2008,Actress in a Supporting Role,1,Penélope Cruz,Vicky Cristina Barcelona,0
2008,Actress in a Supporting Role,,Viola Davis,Doubt,1
2008,Actress in a Supporting Role,,Taraji P. Henson,The Curious Case of Benjamin Button,1
2008,Actress in a Supporting Role,,Marisa Tomei,The Wrestler,0
2009,Actor in a Leading Role,1,Jeff Bridges,Crazy Heart,0
2009,Actor in a Leading Role,,George Clooney,Up in the Air,0
2009,Actor in a Leading Role,,Colin Firth,A Single Man,0
2009,Actor in a Leading Role,,Morgan Freeman,Invictus,1
2009,Actor in a Leading Role,,Jeremy Renner,The Hurt Locker,0
2009,Actor in a Supporting Role,,Matt Damon,Invictus,0
2009,Actor in a Supporting Role,,Woody Harrelson,The Messenger,0
2009,Actor in a Supporting Role,,Christopher Plummer,The Last Station,0
2009,Actor in a Supporting Role,,Stanley Tucci,The Lovely Bones,0
2009,Actor in a Supporting Role,1,Christoph Waltz,Inglourious Basterds,0
2009,Actress in a Leading Role,1,Sandra Bullock,The Blind Side,0
2009,Actress in a Leading Role,,Helen Mirren,The Last Station,0
2009,Actress in a Leading Role,,Carey Mulligan,An Education,0
2009,Actress in a Leading Role,,Gabourey Sidibe,Precious: Based on the Novel 'Push' by Sapphire,1
2009,Actress in a Leading Role,,Meryl Streep,Julie & Julia,0
2009,Actress in a Supporting Role,,Penélope Cruz,Nine,0
2009,Actress in a Supporting Role,,Vera Farmiga,Up in the Air,0
2009,Actress in a Supporting Role,,Maggie Gyllenhaal,Crazy Heart,0
2009,Actress in a Supporting Role,,Anna Kendrick,Up in the Air,0
2009,Actress in a Supporting Role,1,Mo'Nique,Precious: Based on the Novel 'Push' by Sapphire,1
2010,Actor in a Leading Role,,Javier Bardem,Biutiful,0
2010,Actor in a Leading Role,,Jeff Bridges,True Grit,0
2010,Actor in a Leading Role,,Jesse Eisenberg,The Social Network,0
2010,Actor in a Leading Role,1,Colin Firth,The King's Speech,0
2010,Actor in a Leading Role,,James Franco,127 Hours,0
2010,Actor in a Supporting Role,1,Christian Bale,The Fighter,0
2010,Actor in a Supporting Role,,John Hawkes,Winter's Bone,0
2010,Actor in a Supporting Role,,Jeremy Renner,The Town,0
2010,Actor in a Supporting Role,,Mark Ruffalo,The Kids Are All Right,0
2010,Actor in a Supporting Role,,Geoffrey Rush,The King's Speech,0
2010,Actress in a Leading Role,,Annette Bening,The Kids Are All Right,0
2010,Actress in a Leading Role,,Nicole Kidman,Rabbit Hole,0
2010,Actress in a Leading Role,,Jennifer Lawrence,Winter's Bone,0
2010,Actress in a Leading Role,1,Natalie Portman,Black Swan,0
2010,Actress in a Leading Role,,Michelle Williams,Blue Valentine,0
2010,Actress in a Supporting Role,,Amy Adams,The Fighter,0
2010,Actress in a Supporting Role,,Helena Bonham Carter,The King's Speech,0
2010,Actress in a Supporting Role,1,Melissa Leo,The Fighter,0
2010,Actress in a Supporting Role,,Hailee Steinfeld,True Grit,0
2010,Actress in a Supporting Role,,Jacki Weaver,Animal Kingdom,0
2011,Actor in a Leading Role,,Demián Bichir,A Better Life,1
2011,Actor in a Leading Role,,George Clooney,The Descendants,0
2011,Actor in a Leading Role,1,Jean Dujardin,The Artist,0
2011,Actor in a Leading Role,,Gary Oldman,Tinker Tailor Soldier Spy,0
2011,Actor in a Leading Role,,Brad Pitt,Moneyball,0
2011,Actor in a Supporting Role,,Kenneth Branagh,My Week with Marilyn,0
2011,Actor in a Supporting Role,,Jonah Hill,Moneyball,0
2011,Actor in a Supporting Role,,Nick Nolte,Warrior,0
2011,Actor in a Supporting Role,1,Christopher Plummer,Beginners,0
2011,Actor in a Supporting Role,,Max von Sydow,Extremely Loud & Incredibly Close,0
2011,Actress in a Leading Role,,Glenn Close,Albert Nobbs,0
2011,Actress in a Leading Role,,Viola Davis,The Help,1
2011,Actress in a Leading Role,,Rooney Mara,The Girl with the Dragon Tattoo,0
2011,Actress in a Leading Role,1,Meryl Streep,The Iron Lady,0
2011,Actress in a Leading Role,,Michelle Williams,My Week with Marilyn,0
2011,Actress in a Supporting Role,,Bérénice Bejo,The Artist,1
2011,Actress in a Supporting Role,,Jessica Chastain,The Help,0
2011,Actress in a Supporting Role,,Melissa McCarthy,Bridesmaids,0
2011,Actress in a Supporting Role,,Janet McTeer,Albert Nobbs,0
2011,Actress in a Supporting Role,1,Octavia Spencer,The Help,1
2012,Actor in a Leading Role,,Bradley Cooper,Silver Linings Playbook,0
2012,Actor in a Leading Role,1,Daniel Day-Lewis,Lincoln,0
2012,Actor in a Leading Role,,Hugh Jackman,Les Misérables,0
2012,Actor in a Leading Role,,Joaquin Phoenix,The Master,0
2012,Actor in a Leading Role,,Denzel Washington,Flight,1
2012,Actor in a Supporting Role,,Alan Arkin,Argo,0
2012,Actor in a Supporting Role,,Robert De Niro,Silver Linings Playbook,0
2012,Actor in a Supporting Role,,Philip Seymour Hoffman,The Master,0
2012,Actor in a Supporting Role,,Tommy Lee Jones,Lincoln,0
2012,Actor in a Supporting Role,1,Christoph Waltz,Django Unchained,0
2012,Actress in a Leading Role,,Jessica Chastain,Zero Dark Thirty,0
2012,Actress in a Leading Role,1,Jennifer Lawrence,Silver Linings Playbook,0
2012,Actress in a Leading Role,,Emmanuelle Riva,Amour,0
2012,Actress in a Leading Role,,Quvenzhané Wallis,Beasts of the Southern Wild,1
2012,Actress in a Leading Role,,Naomi Watts,The Impossible,0
2012,Actress in a Supporting Role,,Amy Adams,The Master,0
2012,Actress in a Supporting Role,,Sally Field,Lincoln,0
2012,Actress in a Supporting Role,1,Anne Hathaway,Les Misérables,0
2012,Actress in a Supporting Role,,Helen Hunt,The Sessions,0
2012,Actress in a Supporting Role,,Jacki Weaver,Silver Linings Playbook,0
2013,Actor in a Leading Role,,Christian Bale,American Hustle,0
2013,Actor in a Leading Role,,Bruce Dern,Nebraska,0
2013,Actor in a Leading Role,,Leonardo DiCaprio,The Wolf of Wall Street,0
2013,Actor in a Leading Role,,Chiwetel Ejiofor,12 Years a Slave,1
2013,Actor in a Leading Role,1,Matthew McConaughey,Dallas Buyers Club,0
2013,Actor in a Supporting Role,,Barkhad Abdi,Captain Phillips,1
2013,Actor in a Supporting Role,,Bradley Cooper,American Hustle,0
2013,Actor in a Supporting Role,,Michael Fassbender,12 Years a Slave,0
2013,Actor in a Supporting Role,,Jonah Hill,The Wolf of Wall Street,0
2013,Actor in a Supporting Role,1,Jared Leto,Dallas Buyers Club,0
2013,Actress in a Leading Role,,Amy Adams,American Hustle,0
2013,Actress in a Leading Role,1,Cate Blanchett,Blue Jasmine,0
2013,Actress in a Leading Role,,Sandra Bullock,Gravity,0
2013,Actress in a Leading Role,,Judi Dench,Philomena,0
2013,Actress in a Leading Role,,Meryl Streep,August: Osage County,0
2013,Actress in a Supporting Role,,Sally Hawkins,Blue Jasmine,0
2013,Actress in a Supporting Role,,Jennifer Lawrence,American Hustle,0
2013,Actress in a Supporting Role,1,Lupita Nyong'o,12 Years a Slave,1
2013,Actress in a Supporting Role,,Julia Roberts,August: Osage County,0
2013,Actress in a Supporting Role,,June Squibb,Nebraska,0
2014,Actor in a Leading Role,,Steve Carell,Foxcatcher,0
2014,Actor in a Leading Role,,Bradley Cooper,American Sniper,0
2014,Actor in a Leading Role,,Benedict Cumberbatch,The Imitation Game,0
2014,Actor in a Leading Role,,Michael Keaton,Birdman or (The Unexpected Virtue of Ignorance),0
2014,Actor in a Leading Role,1,Eddie Redmayne,The Theory of Everything,0
2014,Actor in a Supporting Role,,Robert Duvall,The Judge,0
2014,Actor in a Supporting Role,,Ethan Hawke,Boyhood,0
2014,Actor in a Supporting Role,,Edward Norton,Birdman or (The Unexpected Virtue of Ignorance),0
2014,Actor in a Supporting Role,,Mark Ruffalo,Foxcatcher,0
2014,Actor in a Supporting Role,1,J.K. Simmons,Whiplash,0
2014,Actress in a Leading Role,,Marion Cotillard,"Two Days, One Night",0
2014,Actress in a Leading Role,,Felicity Jones,The Theory of Everything,0
2014,Actress in a Leading Role,1,Julianne Moore,Still Alice,0
2014,Actress in a Leading Role,,Rosamund Pike,Gone Girl,0
2014,Actress in a Leading Role,,Reese Witherspoon,Wild,0
2014,Actress in a Supporting Role,1,Patricia Arquette,Boyhood,0
2014,Actress in a Supporting Role,,Laura Dern,Wild,0
2014,Actress in a Supporting Role,,Keira Knightley,The Imitation Game,0
2014,Actress in a Supporting Role,,Emma Stone,Birdman or (The Unexpected Virtue of Ignorance),0
2014,Actress in a Supporting Role,,Meryl Streep,Into the Woods,0
2015,Actor in a Leading Role,,Bryan Cranston,Trumbo,0
2015,Actor in a Leading Role,,Matt Damon,The Martian,0
2015,Actor in a Leading Role,1,Leonardo DiCaprio,The Revenant,0
2015,Actor in a Leading Role,,Michael Fassbender,Steve Jobs,0
2015,Actor in a Leading Role,,Eddie Redmayne,The Danish Girl,0
2015,Actor in a Supporting Role,,Christian Bale,The Big Short,0
2015,Actor in a Supporting Role,,Tom Hardy,The Revenant,0
2015,Actor in a Supporting Role,,Mark Ruffalo,Spotlight,0
2015,Actor in a Supporting Role,1,Mark Rylance,Bridge of Spies,0
2015,Actor in a Supporting Role,,Sylvester Stallone,Creed,0
2015,Actress in a Leading Role,,Cate Blanchett,Carol,0
2015,Actress in a Leading Role,1,Brie Larson,Room,0
2015,Actress in a Leading Role,,Jennifer Lawrence,Joy,0
2015,Actress in a Leading Role,,Charlotte Rampling,45 Years,0
2015,Actress in a Leading Role,,Saoirse Ronan,Brooklyn,0
2015,Actress in a Supporting Role,,Jennifer Jason Leigh,The Hateful Eight,0
2015,Actress in a Supporting Role,,Rooney Mara,Carol,0
2015,Actress in a Supporting Role,,Rachel McAdams,Spotlight,0
2015,Actress in a Supporting Role,1,Alicia Vikander,The Danish Girl,0
2015,Actress in a Supporting Role,,Kate Winslet,Steve Jobs,0
1928,Actor,,Richard Barthelmess,The Noose,0
1928,Actor,1,Emil Jannings,The Last Command,0
1928,Actress,,Louise Dresser,A Ship Comes In,0
1928,Actress,1,Janet Gaynor,7th Heaven,0
1928,Actress,,Gloria Swanson,Sadie Thompson,0
1929,Actor,,George Bancroft,Thunderbolt,0
1929,Actor,1,Warner Baxter,In Old Arizona,0
1929,Actor,,Chester Morris,Alibi,0
1929,Actor,,Paul Muni,The Valiant,0
1929,Actor,,Lewis Stone,The Patriot,0
1929,Actress,,Ruth Chatterton,Madame X,0
1929,Actress,,Betty Compson,The Barker,0
1929,Actress,,Jeanne Eagels,The Letter,0
1929,Actress,,Corinne Griffith,The Divine Lady,0
1929,Actress,,Bessie Love,The Broadway Melody,0
1929,Actress,1,Mary Pickford,Coquette,0
1930,Actor,1,George Arliss,Disraeli,0
1930,Actor,,George Arliss,The Green Goddess,0
1930,Actor,,Wallace Beery,The Big House,0
1930,Actor,,Maurice Chevalier,The Big Pond,0
1930,Actor,,Ronald Colman,Bulldog Drummond,0
1930,Actor,,Lawrence Tibbett,The Rogue Song,0
1930,Actress,,Nancy Carroll,The Devil's Holiday,0
1930,Actress,,Ruth Chatterton,Sarah and Son,0
1930,Actress,,Greta Garbo,Anna Christie,0
1930,Actress,1,Norma Shearer,The Divorcee,0
1930,Actress,,Norma Shearer,Their Own Desire,0
1930,Actress,,Gloria Swanson,The Trespasser,0
1931,Actor,1,Lionel Barrymore,A Free Soul,0
1931,Actor,,Jackie Cooper,Skippy,0
1931,Actor,,Richard Dix,Cimarron,0
1931,Actor,,Fredric March,The Royal Family of Broadway,0
1931,Actor,,Adolphe Menjou,The Front Page,0
1931,Actress,,Marlene Dietrich,Morocco,0
1931,Actress,1,Marie Dressler,Min and Bill,0
1931,Actress,,Irene Dunne,Cimarron,0
1931,Actress,,Ann Harding,Holiday,0
1931,Actress,,Norma Shearer,A Free Soul,0
1932,Actor,1,Wallace Beery,The Champ,0
1932,Actor,,Alfred Lunt,The Guardsman,0
1932,Actor,1,Fredric March,Dr. Jekyll and Mr. Hyde,0
1932,Actress,,Marie Dressler,Emma,0
1932,Actress,,Lynn Fontanne,The Guardsman,0
1933,Actress,1,Helen Hayes,The Sin of Madelon Claudet,0
1933,Actor,,Leslie Howard,Berkeley Square,0
1933,Actor,1,Charles Laughton,The Private Life of Henry VIII,0
1933,Actor,,Paul Muni,I Am a Fugitive from a Chain Gang,0
1933,Actress,1,Katharine Hepburn,Morning Glory,0
1933,Actress,,May Robson,Lady for a Day,0
1933,Actress,,Diana Wynyard,Cavalcade,0
